<?xml version="1.0" encoding="UTF-8"?>
<!DOCTYPE score-partwise PUBLIC "-//Recordare//DTD MusicXML 2.0 Partwise//EN" "http://www.musicxml.org/dtds/partwise.dtd">
<score-partwise>
  <work>
    <work-title>O Felix Anima</work-title>
    </work>
  <identification>
    <encoding>
      <software>MuseScore 1.3</software>
      <encoding-date>2014-06-03</encoding-date>
      </encoding>
    <source>http://musescore.com/score/159975</source>
    </identification>
  <defaults>
    <scaling>
      <millimeters>7.056</millimeters>
      <tenths>40</tenths>
      </scaling>
    <page-layout>
      <page-height>1683.67</page-height>
      <page-width>1190.48</page-width>
      <page-margins type="even">
        <left-margin>56.6893</left-margin>
        <right-margin>56.6893</right-margin>
        <top-margin>56.6893</top-margin>
        <bottom-margin>113.379</bottom-margin>
        </page-margins>
      <page-margins type="odd">
        <left-margin>56.6893</left-margin>
        <right-margin>56.6893</right-margin>
        <top-margin>56.6893</top-margin>
        <bottom-margin>113.379</bottom-margin>
        </page-margins>
      </page-layout>
    </defaults>
  <credit page="1">
    <credit-words default-x="595.238" default-y="1626.98" font-size="24" justify="center" valign="top">O Felix Anima</credit-words>
    </credit>
  <credit page="1">
    <credit-words default-x="1133.79" default-y="1559.98" font-size="12" justify="right" valign="top">Giacomo Carissimi 1605-1674</credit-words>
    </credit>
  <part-list>
    <score-part id="P1">
      <part-name>Soprano</part-name>
      <part-abbreviation>S.</part-abbreviation>
      <score-instrument id="P1-I3">
        <instrument-name>Soprano</instrument-name>
        </score-instrument>
      <midi-instrument id="P1-I3">
        <midi-channel>1</midi-channel>
        <midi-program>53</midi-program>
        <volume>78.7402</volume>
        <pan>0</pan>
        </midi-instrument>
      </score-part>
    <score-part id="P2">
      <part-name>Alto</part-name>
      <part-abbreviation>A.</part-abbreviation>
      <score-instrument id="P2-I3">
        <instrument-name>Alto</instrument-name>
        </score-instrument>
      <midi-instrument id="P2-I3">
        <midi-channel>2</midi-channel>
        <midi-program>53</midi-program>
        <volume>78.7402</volume>
        <pan>0</pan>
        </midi-instrument>
      </score-part>
    <score-part id="P3">
      <part-name>Bass</part-name>
      <part-abbreviation>B.</part-abbreviation>
      <score-instrument id="P3-I3">
        <instrument-name>Bass</instrument-name>
        </score-instrument>
      <midi-instrument id="P3-I3">
        <midi-channel>3</midi-channel>
        <midi-program>53</midi-program>
        <volume>78.7402</volume>
        <pan>0</pan>
        </midi-instrument>
      </score-part>
    </part-list>
  <part id="P1">
    <measure number="1" width="142.89">
      <print>
        <system-layout>
          <system-margins>
            <left-margin>101.28</left-margin>
            <right-margin>0.00</right-margin>
            </system-margins>
          <top-system-distance>289.54</top-system-distance>
          </system-layout>
        </print>
      <attributes>
        <divisions>1</divisions>
        <key>
          <fifths>-1</fifths>
          <mode>major</mode>
          </key>
        <time>
          <beats>3</beats>
          <beat-type>2</beat-type>
          </time>
        <clef>
          <sign>G</sign>
          <line>2</line>
          </clef>
        </attributes>
      <note>
        <rest/>
        <duration>2</duration>
        <voice>1</voice>
        <type>half</type>
        </note>
      <note default-x="105.75" default-y="-25.00">
        <pitch>
          <step>A</step>
          <octave>4</octave>
          </pitch>
        <duration>4</duration>
        <voice>1</voice>
        <type>whole</type>
        </note>
      </measure>
    <measure number="2" width="90.02">
      <note default-x="12.00" default-y="-10.00">
        <pitch>
          <step>D</step>
          <octave>5</octave>
          </pitch>
        <duration>2</duration>
        <voice>1</voice>
        <type>half</type>
        <stem>down</stem>
        </note>
      <note default-x="36.00" default-y="-15.00">
        <pitch>
          <step>C</step>
          <octave>5</octave>
          </pitch>
        <duration>3</duration>
        <voice>1</voice>
        <type>half</type>
        <dot/>
        <stem>down</stem>
        </note>
      <note default-x="65.26" default-y="-20.00">
        <pitch>
          <step>B</step>
          <alter>-1</alter>
          <octave>4</octave>
          </pitch>
        <duration>1</duration>
        <voice>1</voice>
        <type>quarter</type>
        <stem>down</stem>
        </note>
      </measure>
    <measure number="3" width="90.02">
      <note default-x="12.00" default-y="-25.00">
        <pitch>
          <step>A</step>
          <octave>4</octave>
          </pitch>
        <duration>3</duration>
        <voice>1</voice>
        <type>half</type>
        <dot/>
        <stem>up</stem>
        </note>
      <note default-x="44.56" default-y="-25.00">
        <pitch>
          <step>A</step>
          <octave>4</octave>
          </pitch>
        <duration>1</duration>
        <voice>1</voice>
        <type>quarter</type>
        <stem>up</stem>
        </note>
      <note default-x="61.72" default-y="-25.00">
        <pitch>
          <step>A</step>
          <octave>4</octave>
          </pitch>
        <duration>2</duration>
        <voice>1</voice>
        <type>half</type>
        <stem>up</stem>
        </note>
      </measure>
    <measure number="4" width="90.02">
      <note default-x="12.00" default-y="-15.00">
        <pitch>
          <step>C</step>
          <octave>5</octave>
          </pitch>
        <duration>2</duration>
        <voice>1</voice>
        <type>half</type>
        <stem>down</stem>
        </note>
      <note default-x="36.00" default-y="-20.00">
        <pitch>
          <step>B</step>
          <alter>-1</alter>
          <octave>4</octave>
          </pitch>
        <duration>3</duration>
        <voice>1</voice>
        <type>half</type>
        <dot/>
        <stem>down</stem>
        </note>
      <note default-x="65.26" default-y="-25.00">
        <pitch>
          <step>A</step>
          <octave>4</octave>
          </pitch>
        <duration>1</duration>
        <voice>1</voice>
        <type>quarter</type>
        <stem>up</stem>
        </note>
      </measure>
    <measure number="5" width="90.02">
      <note default-x="12.00" default-y="-30.00">
        <pitch>
          <step>G</step>
          <octave>4</octave>
          </pitch>
        <duration>3</duration>
        <voice>1</voice>
        <type>half</type>
        <dot/>
        <stem>up</stem>
        </note>
      <note default-x="44.56" default-y="-30.00">
        <pitch>
          <step>G</step>
          <octave>4</octave>
          </pitch>
        <duration>1</duration>
        <voice>1</voice>
        <type>quarter</type>
        <stem>up</stem>
        </note>
      <note default-x="61.72" default-y="-30.00">
        <pitch>
          <step>G</step>
          <octave>4</octave>
          </pitch>
        <duration>2</duration>
        <voice>1</voice>
        <type>half</type>
        <stem>up</stem>
        </note>
      </measure>
    <measure number="6" width="70.26">
      <note default-x="12.00" default-y="-15.00">
        <pitch>
          <step>C</step>
          <octave>5</octave>
          </pitch>
        <duration>2</duration>
        <voice>1</voice>
        <type>half</type>
        <stem>down</stem>
        </note>
      <note default-x="33.79" default-y="-20.00">
        <pitch>
          <step>B</step>
          <alter>-1</alter>
          <octave>4</octave>
          </pitch>
        <duration>4</duration>
        <voice>1</voice>
        <type>whole</type>
        </note>
      </measure>
    <measure number="7" width="71.36">
      <note default-x="12.00" default-y="-25.00">
        <pitch>
          <step>A</step>
          <octave>4</octave>
          </pitch>
        <duration>4</duration>
        <voice>1</voice>
        <type>whole</type>
        </note>
      <note>
        <rest/>
        <duration>2</duration>
        <voice>1</voice>
        <type>half</type>
        </note>
      </measure>
    <measure number="8" width="90.02">
      <note default-x="12.00" default-y="-15.00">
        <pitch>
          <step>C</step>
          <octave>5</octave>
          </pitch>
        <duration>2</duration>
        <voice>1</voice>
        <type>half</type>
        <stem>down</stem>
        </note>
      <note default-x="36.00" default-y="-20.00">
        <pitch>
          <step>B</step>
          <alter>-1</alter>
          <octave>4</octave>
          </pitch>
        <duration>3</duration>
        <voice>1</voice>
        <type>half</type>
        <dot/>
        <stem>down</stem>
        </note>
      <note default-x="65.26" default-y="-25.00">
        <pitch>
          <step>A</step>
          <octave>4</octave>
          </pitch>
        <duration>1</duration>
        <voice>1</voice>
        <type>quarter</type>
        <stem>up</stem>
        </note>
      </measure>
    <measure number="9" width="90.02">
      <note default-x="12.00" default-y="-30.00">
        <pitch>
          <step>G</step>
          <octave>4</octave>
          </pitch>
        <duration>3</duration>
        <voice>1</voice>
        <type>half</type>
        <dot/>
        <stem>up</stem>
        </note>
      <note default-x="44.56" default-y="-30.00">
        <pitch>
          <step>G</step>
          <octave>4</octave>
          </pitch>
        <duration>1</duration>
        <voice>1</voice>
        <type>quarter</type>
        <stem>up</stem>
        </note>
      <note default-x="61.72" default-y="-30.00">
        <pitch>
          <step>G</step>
          <octave>4</octave>
          </pitch>
        <duration>2</duration>
        <voice>1</voice>
        <type>half</type>
        <stem>up</stem>
        </note>
      </measure>
    <measure number="10" width="75.06">
      <note default-x="16.80" default-y="-25.00">
        <pitch>
          <step>A</step>
          <octave>4</octave>
          </pitch>
        <duration>2</duration>
        <voice>1</voice>
        <type>half</type>
        <stem>up</stem>
        </note>
      <note default-x="38.59" default-y="-35.00">
        <pitch>
          <step>F</step>
          <octave>4</octave>
          </pitch>
        <duration>4</duration>
        <voice>1</voice>
        <type>whole</type>
        </note>
      </measure>
    <measure number="11" width="76.16">
      <note default-x="16.80" default-y="-40.00">
        <pitch>
          <step>E</step>
          <octave>4</octave>
          </pitch>
        <duration>4</duration>
        <voice>1</voice>
        <type>whole</type>
        </note>
      <note>
        <rest/>
        <duration>2</duration>
        <voice>1</voice>
        <type>half</type>
        </note>
      </measure>
    <measure number="12" width="120.48">
      <print new-system="yes">
        <system-layout>
          <system-margins>
            <left-margin>40.51</left-margin>
            <right-margin>0.00</right-margin>
            </system-margins>
          <system-distance>202.04</system-distance>
          </system-layout>
        </print>
      <note default-x="63.53" default-y="-25.00">
        <pitch>
          <step>A</step>
          <octave>4</octave>
          </pitch>
        <duration>4</duration>
        <voice>1</voice>
        <type>whole</type>
        </note>
      <note>
        <rest/>
        <duration>2</duration>
        <voice>1</voice>
        <type>half</type>
        </note>
      </measure>
    <measure number="13" width="69.41">
      <note default-x="12.47" default-y="-20.00">
        <pitch>
          <step>B</step>
          <octave>4</octave>
          </pitch>
        <duration>4</duration>
        <voice>1</voice>
        <type>whole</type>
        <accidental>natural</accidental>
        </note>
      <note>
        <rest/>
        <duration>2</duration>
        <voice>1</voice>
        <type>half</type>
        </note>
      </measure>
    <measure number="14" width="106.71">
      <note default-x="12.47" default-y="-20.00">
        <pitch>
          <step>B</step>
          <octave>4</octave>
          </pitch>
        <duration>2</duration>
        <voice>1</voice>
        <type>half</type>
        <accidental>natural</accidental>
        <stem>down</stem>
        </note>
      <note default-x="43.57" default-y="-15.00">
        <pitch>
          <step>C</step>
          <alter>1</alter>
          <octave>5</octave>
          </pitch>
        <duration>2</duration>
        <voice>1</voice>
        <type>half</type>
        <accidental>sharp</accidental>
        <stem>down</stem>
        </note>
      <note default-x="74.67" default-y="-10.00">
        <pitch>
          <step>D</step>
          <octave>5</octave>
          </pitch>
        <duration>2</duration>
        <voice>1</voice>
        <type>half</type>
        <stem>down</stem>
        </note>
      </measure>
    <measure number="15" width="100.81">
      <note default-x="12.00" default-y="-10.00">
        <pitch>
          <step>D</step>
          <octave>5</octave>
          </pitch>
        <duration>2</duration>
        <voice>1</voice>
        <type>half</type>
        <stem>down</stem>
        </note>
      <note default-x="43.10" default-y="-15.00">
        <pitch>
          <step>C</step>
          <alter>1</alter>
          <octave>5</octave>
          </pitch>
        <duration>3</duration>
        <voice>1</voice>
        <type>half</type>
        <dot/>
        <accidental>sharp</accidental>
        <stem>down</stem>
        </note>
      <note default-x="76.05" default-y="-10.00">
        <pitch>
          <step>D</step>
          <octave>5</octave>
          </pitch>
        <duration>1</duration>
        <voice>1</voice>
        <type>quarter</type>
        <stem>down</stem>
        </note>
      </measure>
    <measure number="16" width="68.95">
      <note default-x="12.00" default-y="-10.00">
        <pitch>
          <step>D</step>
          <octave>5</octave>
          </pitch>
        <duration>4</duration>
        <voice>1</voice>
        <type>whole</type>
        </note>
      <note>
        <rest/>
        <duration>2</duration>
        <voice>1</voice>
        <type>half</type>
        </note>
      </measure>
    <measure number="17" width="79.85">
      <note default-x="12.00" default-y="-25.00">
        <pitch>
          <step>A</step>
          <octave>4</octave>
          </pitch>
        <duration>2</duration>
        <voice>1</voice>
        <type>half</type>
        <stem>up</stem>
        </note>
      <note default-x="33.17" default-y="-20.00">
        <pitch>
          <step>B</step>
          <alter>-1</alter>
          <octave>4</octave>
          </pitch>
        <duration>2</duration>
        <voice>1</voice>
        <type>half</type>
        <stem>down</stem>
        </note>
      <note default-x="54.35" default-y="-30.00">
        <pitch>
          <step>G</step>
          <octave>4</octave>
          </pitch>
        <duration>2</duration>
        <voice>1</voice>
        <type>half</type>
        <stem>up</stem>
        </note>
      </measure>
    <measure number="18" width="87.61">
      <note default-x="12.00" default-y="-25.00">
        <pitch>
          <step>A</step>
          <octave>4</octave>
          </pitch>
        <duration>3</duration>
        <voice>1</voice>
        <type>half</type>
        <dot/>
        <stem>up</stem>
        </note>
      <note default-x="43.23" default-y="-25.00">
        <pitch>
          <step>A</step>
          <octave>4</octave>
          </pitch>
        <duration>1</duration>
        <voice>1</voice>
        <type>quarter</type>
        <stem>up</stem>
        </note>
      <note default-x="60.40" default-y="-25.00">
        <pitch>
          <step>A</step>
          <octave>4</octave>
          </pitch>
        <duration>2</duration>
        <voice>1</voice>
        <type>half</type>
        <stem>up</stem>
        </note>
      </measure>
    <measure number="19" width="79.85">
      <note default-x="12.00" default-y="-30.00">
        <pitch>
          <step>G</step>
          <octave>4</octave>
          </pitch>
        <duration>2</duration>
        <voice>1</voice>
        <type>half</type>
        <stem>up</stem>
        </note>
      <note default-x="33.17" default-y="-25.00">
        <pitch>
          <step>A</step>
          <octave>4</octave>
          </pitch>
        <duration>2</duration>
        <voice>1</voice>
        <type>half</type>
        <stem>up</stem>
        </note>
      <note default-x="54.35" default-y="-35.00">
        <pitch>
          <step>F</step>
          <octave>4</octave>
          </pitch>
        <duration>2</duration>
        <voice>1</voice>
        <type>half</type>
        <stem>up</stem>
        </note>
      </measure>
    <measure number="20" width="87.61">
      <note default-x="12.00" default-y="-20.00">
        <pitch>
          <step>B</step>
          <alter>-1</alter>
          <octave>4</octave>
          </pitch>
        <duration>3</duration>
        <voice>1</voice>
        <type>half</type>
        <dot/>
        <stem>down</stem>
        </note>
      <note default-x="43.23" default-y="-20.00">
        <pitch>
          <step>B</step>
          <alter>-1</alter>
          <octave>4</octave>
          </pitch>
        <duration>1</duration>
        <voice>1</voice>
        <type>quarter</type>
        <stem>down</stem>
        </note>
      <note default-x="60.40" default-y="-20.00">
        <pitch>
          <step>B</step>
          <alter>-1</alter>
          <octave>4</octave>
          </pitch>
        <duration>2</duration>
        <voice>1</voice>
        <type>half</type>
        <stem>down</stem>
        </note>
      </measure>
    <measure number="21" width="79.85">
      <note default-x="12.00" default-y="-25.00">
        <pitch>
          <step>A</step>
          <octave>4</octave>
          </pitch>
        <duration>2</duration>
        <voice>1</voice>
        <type>half</type>
        <stem>up</stem>
        </note>
      <note default-x="33.17" default-y="-20.00">
        <pitch>
          <step>B</step>
          <alter>-1</alter>
          <octave>4</octave>
          </pitch>
        <duration>2</duration>
        <voice>1</voice>
        <type>half</type>
        <stem>down</stem>
        </note>
      <note default-x="54.35" default-y="-30.00">
        <pitch>
          <step>G</step>
          <octave>4</octave>
          </pitch>
        <duration>2</duration>
        <voice>1</voice>
        <type>half</type>
        <stem>up</stem>
        </note>
      </measure>
    <measure number="22" width="87.61">
      <note default-x="12.00" default-y="-25.00">
        <pitch>
          <step>A</step>
          <octave>4</octave>
          </pitch>
        <duration>3</duration>
        <voice>1</voice>
        <type>half</type>
        <dot/>
        <stem>up</stem>
        </note>
      <note default-x="43.23" default-y="-20.00">
        <pitch>
          <step>B</step>
          <alter>-1</alter>
          <octave>4</octave>
          </pitch>
        <duration>1</duration>
        <voice>1</voice>
        <type>quarter</type>
        <stem>down</stem>
        </note>
      <note default-x="60.40" default-y="-15.00">
        <pitch>
          <step>C</step>
          <octave>5</octave>
          </pitch>
        <duration>2</duration>
        <voice>1</voice>
        <type>half</type>
        <stem>down</stem>
        </note>
      </measure>
    <measure number="23" width="67.85">
      <note default-x="12.00" default-y="-30.00">
        <pitch>
          <step>G</step>
          <octave>4</octave>
          </pitch>
        <duration>2</duration>
        <voice>1</voice>
        <type>half</type>
        <stem>up</stem>
        </note>
      <note default-x="32.86" default-y="-30.00">
        <pitch>
          <step>G</step>
          <octave>4</octave>
          </pitch>
        <duration>4</duration>
        <voice>1</voice>
        <type>whole</type>
        </note>
      </measure>
    <measure number="24" width="174.18">
      <print new-system="yes">
        <system-layout>
          <system-margins>
            <left-margin>40.51</left-margin>
            <right-margin>0.00</right-margin>
            </system-margins>
          <system-distance>202.04</system-distance>
          </system-layout>
        </print>
      <note default-x="63.53" default-y="-35.00">
        <pitch>
          <step>F</step>
          <octave>4</octave>
          </pitch>
        <duration>2</duration>
        <voice>1</voice>
        <type>half</type>
        <stem>up</stem>
        </note>
      <note default-x="105.47" default-y="-25.00">
        <pitch>
          <step>A</step>
          <octave>4</octave>
          </pitch>
        <duration>4</duration>
        <tie type="start"/>
        <voice>1</voice>
        <type>whole</type>
        <notations>
          <tied type="start"/>
          </notations>
        </note>
      </measure>
    <measure number="25" width="164.27">
      <note default-x="12.00" default-y="-25.00">
        <pitch>
          <step>A</step>
          <octave>4</octave>
          </pitch>
        <duration>2</duration>
        <tie type="stop"/>
        <voice>1</voice>
        <type>half</type>
        <stem>up</stem>
        <notations>
          <tied type="stop"/>
          </notations>
        </note>
      <note default-x="57.83" default-y="-30.00">
        <pitch>
          <step>G</step>
          <octave>4</octave>
          </pitch>
        <duration>1</duration>
        <voice>1</voice>
        <type>quarter</type>
        <stem>up</stem>
        </note>
      <note default-x="86.48" default-y="-35.00">
        <pitch>
          <step>F</step>
          <octave>4</octave>
          </pitch>
        <duration>1</duration>
        <voice>1</voice>
        <type>quarter</type>
        <stem>up</stem>
        </note>
      <note default-x="116.84" default-y="-40.00">
        <pitch>
          <step>E</step>
          <octave>4</octave>
          </pitch>
        <duration>2</duration>
        <voice>1</voice>
        <type>half</type>
        <stem>up</stem>
        </note>
      </measure>
    <measure number="26" width="123.74">
      <note default-x="12.00" default-y="-25.00">
        <pitch>
          <step>A</step>
          <octave>4</octave>
          </pitch>
        <duration>4</duration>
        <voice>1</voice>
        <type>whole</type>
        </note>
      <note>
        <rest/>
        <duration>2</duration>
        <voice>1</voice>
        <type>half</type>
        </note>
      </measure>
    <measure number="27" width="124.21">
      <note default-x="12.47" default-y="-20.00">
        <pitch>
          <step>B</step>
          <octave>4</octave>
          </pitch>
        <duration>4</duration>
        <voice>1</voice>
        <type>whole</type>
        <accidental>natural</accidental>
        </note>
      <note>
        <rest/>
        <duration>2</duration>
        <voice>1</voice>
        <type>half</type>
        </note>
      </measure>
    <measure number="28" width="161.51">
      <note default-x="12.47" default-y="-20.00">
        <pitch>
          <step>B</step>
          <octave>4</octave>
          </pitch>
        <duration>2</duration>
        <voice>1</voice>
        <type>half</type>
        <accidental>natural</accidental>
        <stem>down</stem>
        </note>
      <note default-x="61.61" default-y="-15.00">
        <pitch>
          <step>C</step>
          <alter>1</alter>
          <octave>5</octave>
          </pitch>
        <duration>2</duration>
        <voice>1</voice>
        <type>half</type>
        <accidental>sharp</accidental>
        <stem>down</stem>
        </note>
      <note default-x="110.76" default-y="-10.00">
        <pitch>
          <step>D</step>
          <octave>5</octave>
          </pitch>
        <duration>2</duration>
        <voice>1</voice>
        <type>half</type>
        <stem>down</stem>
        </note>
      </measure>
    <measure number="29" width="155.23">
      <note default-x="12.00" default-y="-15.00">
        <pitch>
          <step>C</step>
          <octave>5</octave>
          </pitch>
        <duration>2</duration>
        <voice>1</voice>
        <type>half</type>
        <stem>down</stem>
        </note>
      <note default-x="54.39" default-y="-20.00">
        <pitch>
          <step>B</step>
          <octave>4</octave>
          </pitch>
        <duration>3</duration>
        <voice>1</voice>
        <type>half</type>
        <dot/>
        <accidental>natural</accidental>
        <stem>down</stem>
        </note>
      <note default-x="127.14" default-y="-15.00">
        <pitch>
          <step>C</step>
          <octave>5</octave>
          </pitch>
        <duration>1</duration>
        <voice>1</voice>
        <type>quarter</type>
        <stem>down</stem>
        </note>
      </measure>
    <measure number="30" width="133.44">
      <note default-x="16.80" default-y="-15.00">
        <pitch>
          <step>C</step>
          <octave>5</octave>
          </pitch>
        <duration>4</duration>
        <tie type="start"/>
        <voice>1</voice>
        <type>whole</type>
        <notations>
          <tied type="start"/>
          <fermata type="upright"/>
          </notations>
        </note>
      <note default-x="83.90" default-y="-15.00">
        <pitch>
          <step>C</step>
          <octave>5</octave>
          </pitch>
        <duration>2</duration>
        <tie type="stop"/>
        <voice>1</voice>
        <type>half</type>
        <stem>down</stem>
        <notations>
          <tied type="stop"/>
          </notations>
        </note>
      <barline location="right">
        <bar-style>light-heavy</bar-style>
        </barline>
      </measure>
    </part>
  <part id="P2">
    <measure number="1" width="142.89">
      <print>
        <staff-layout number="1">
          <staff-distance>65.00</staff-distance>
          </staff-layout>
        </print>
      <attributes>
        <divisions>1</divisions>
        <key>
          <fifths>-1</fifths>
          <mode>major</mode>
          </key>
        <time>
          <beats>3</beats>
          <beat-type>2</beat-type>
          </time>
        <clef>
          <sign>G</sign>
          <line>2</line>
          </clef>
        </attributes>
      <note>
        <rest/>
        <duration>2</duration>
        <voice>1</voice>
        <type>half</type>
        </note>
      <note default-x="105.75" default-y="-140.00">
        <pitch>
          <step>F</step>
          <octave>4</octave>
          </pitch>
        <duration>4</duration>
        <voice>1</voice>
        <type>whole</type>
        </note>
      </measure>
    <measure number="2" width="90.02">
      <note default-x="12.00" default-y="-125.00">
        <pitch>
          <step>B</step>
          <alter>-1</alter>
          <octave>4</octave>
          </pitch>
        <duration>2</duration>
        <voice>1</voice>
        <type>half</type>
        <stem>down</stem>
        </note>
      <note default-x="36.00" default-y="-130.00">
        <pitch>
          <step>A</step>
          <octave>4</octave>
          </pitch>
        <duration>3</duration>
        <voice>1</voice>
        <type>half</type>
        <dot/>
        <stem>up</stem>
        </note>
      <note default-x="65.26" default-y="-135.00">
        <pitch>
          <step>G</step>
          <octave>4</octave>
          </pitch>
        <duration>1</duration>
        <voice>1</voice>
        <type>quarter</type>
        <stem>up</stem>
        </note>
      </measure>
    <measure number="3" width="90.02">
      <note default-x="12.00" default-y="-140.00">
        <pitch>
          <step>F</step>
          <octave>4</octave>
          </pitch>
        <duration>3</duration>
        <voice>1</voice>
        <type>half</type>
        <dot/>
        <stem>up</stem>
        </note>
      <note default-x="44.56" default-y="-140.00">
        <pitch>
          <step>F</step>
          <octave>4</octave>
          </pitch>
        <duration>1</duration>
        <voice>1</voice>
        <type>quarter</type>
        <stem>up</stem>
        </note>
      <note default-x="61.72" default-y="-140.00">
        <pitch>
          <step>F</step>
          <octave>4</octave>
          </pitch>
        <duration>2</duration>
        <voice>1</voice>
        <type>half</type>
        <stem>up</stem>
        </note>
      </measure>
    <measure number="4" width="90.02">
      <note default-x="12.00" default-y="-130.00">
        <pitch>
          <step>A</step>
          <octave>4</octave>
          </pitch>
        <duration>2</duration>
        <voice>1</voice>
        <type>half</type>
        <stem>up</stem>
        </note>
      <note default-x="36.00" default-y="-135.00">
        <pitch>
          <step>G</step>
          <octave>4</octave>
          </pitch>
        <duration>3</duration>
        <voice>1</voice>
        <type>half</type>
        <dot/>
        <stem>up</stem>
        </note>
      <note default-x="65.26" default-y="-140.00">
        <pitch>
          <step>F</step>
          <octave>4</octave>
          </pitch>
        <duration>1</duration>
        <voice>1</voice>
        <type>quarter</type>
        <stem>up</stem>
        </note>
      </measure>
    <measure number="5" width="90.02">
      <note default-x="12.00" default-y="-145.00">
        <pitch>
          <step>E</step>
          <octave>4</octave>
          </pitch>
        <duration>3</duration>
        <voice>1</voice>
        <type>half</type>
        <dot/>
        <stem>up</stem>
        </note>
      <note default-x="44.56" default-y="-145.00">
        <pitch>
          <step>E</step>
          <octave>4</octave>
          </pitch>
        <duration>1</duration>
        <voice>1</voice>
        <type>quarter</type>
        <stem>up</stem>
        </note>
      <note default-x="61.72" default-y="-145.00">
        <pitch>
          <step>E</step>
          <octave>4</octave>
          </pitch>
        <duration>2</duration>
        <voice>1</voice>
        <type>half</type>
        <stem>up</stem>
        </note>
      </measure>
    <measure number="6" width="70.26">
      <note default-x="12.00" default-y="-140.00">
        <pitch>
          <step>F</step>
          <octave>4</octave>
          </pitch>
        <duration>2</duration>
        <voice>1</voice>
        <type>half</type>
        <stem>up</stem>
        </note>
      <note default-x="33.79" default-y="-145.00">
        <pitch>
          <step>E</step>
          <octave>4</octave>
          </pitch>
        <duration>4</duration>
        <voice>1</voice>
        <type>whole</type>
        </note>
      </measure>
    <measure number="7" width="71.36">
      <note default-x="12.00" default-y="-140.00">
        <pitch>
          <step>F</step>
          <octave>4</octave>
          </pitch>
        <duration>4</duration>
        <voice>1</voice>
        <type>whole</type>
        </note>
      <note>
        <rest/>
        <duration>2</duration>
        <voice>1</voice>
        <type>half</type>
        </note>
      </measure>
    <measure number="8" width="90.02">
      <note default-x="12.00" default-y="-140.00">
        <pitch>
          <step>F</step>
          <octave>4</octave>
          </pitch>
        <duration>2</duration>
        <voice>1</voice>
        <type>half</type>
        <stem>up</stem>
        </note>
      <note default-x="36.00" default-y="-135.00">
        <pitch>
          <step>G</step>
          <octave>4</octave>
          </pitch>
        <duration>3</duration>
        <voice>1</voice>
        <type>half</type>
        <dot/>
        <stem>up</stem>
        </note>
      <note default-x="65.26" default-y="-140.00">
        <pitch>
          <step>F</step>
          <octave>4</octave>
          </pitch>
        <duration>1</duration>
        <voice>1</voice>
        <type>quarter</type>
        <stem>up</stem>
        </note>
      </measure>
    <measure number="9" width="90.02">
      <note default-x="12.00" default-y="-145.00">
        <pitch>
          <step>E</step>
          <octave>4</octave>
          </pitch>
        <duration>3</duration>
        <voice>1</voice>
        <type>half</type>
        <dot/>
        <stem>up</stem>
        </note>
      <note default-x="44.56" default-y="-145.00">
        <pitch>
          <step>E</step>
          <octave>4</octave>
          </pitch>
        <duration>1</duration>
        <voice>1</voice>
        <type>quarter</type>
        <stem>up</stem>
        </note>
      <note default-x="61.72" default-y="-145.00">
        <pitch>
          <step>E</step>
          <octave>4</octave>
          </pitch>
        <duration>2</duration>
        <voice>1</voice>
        <type>half</type>
        <stem>up</stem>
        </note>
      </measure>
    <measure number="10" width="75.06">
      <note default-x="16.80" default-y="-145.00">
        <pitch>
          <step>E</step>
          <octave>4</octave>
          </pitch>
        <duration>2</duration>
        <voice>1</voice>
        <type>half</type>
        <stem>up</stem>
        </note>
      <note default-x="38.59" default-y="-150.00">
        <pitch>
          <step>D</step>
          <octave>4</octave>
          </pitch>
        <duration>4</duration>
        <voice>1</voice>
        <type>whole</type>
        </note>
      </measure>
    <measure number="11" width="76.16">
      <note default-x="16.80" default-y="-155.00">
        <pitch>
          <step>C</step>
          <alter>1</alter>
          <octave>4</octave>
          </pitch>
        <duration>4</duration>
        <voice>1</voice>
        <type>whole</type>
        <accidental>sharp</accidental>
        </note>
      <note>
        <rest/>
        <duration>2</duration>
        <voice>1</voice>
        <type>half</type>
        </note>
      </measure>
    <measure number="12" width="120.48">
      <print new-system="yes">
        <staff-layout number="1">
          <staff-distance>65.00</staff-distance>
          </staff-layout>
        </print>
      <note default-x="63.53" default-y="-150.00">
        <pitch>
          <step>D</step>
          <octave>4</octave>
          </pitch>
        <duration>4</duration>
        <voice>1</voice>
        <type>whole</type>
        </note>
      <note>
        <rest/>
        <duration>2</duration>
        <voice>1</voice>
        <type>half</type>
        </note>
      </measure>
    <measure number="13" width="69.41">
      <note default-x="12.47" default-y="-150.00">
        <pitch>
          <step>D</step>
          <octave>4</octave>
          </pitch>
        <duration>4</duration>
        <voice>1</voice>
        <type>whole</type>
        </note>
      <note>
        <rest/>
        <duration>2</duration>
        <voice>1</voice>
        <type>half</type>
        </note>
      </measure>
    <measure number="14" width="106.71">
      <note default-x="12.47" default-y="-150.00">
        <pitch>
          <step>D</step>
          <octave>4</octave>
          </pitch>
        <duration>2</duration>
        <voice>1</voice>
        <type>half</type>
        <stem>up</stem>
        </note>
      <note default-x="43.57" default-y="-145.00">
        <pitch>
          <step>E</step>
          <octave>4</octave>
          </pitch>
        <duration>2</duration>
        <voice>1</voice>
        <type>half</type>
        <stem>up</stem>
        </note>
      <note default-x="74.67" default-y="-140.00">
        <pitch>
          <step>F</step>
          <octave>4</octave>
          </pitch>
        <duration>2</duration>
        <voice>1</voice>
        <type>half</type>
        <stem>up</stem>
        </note>
      </measure>
    <measure number="15" width="100.81">
      <note default-x="12.00" default-y="-145.00">
        <pitch>
          <step>E</step>
          <octave>4</octave>
          </pitch>
        <duration>4</duration>
        <tie type="start"/>
        <voice>1</voice>
        <type>whole</type>
        <notations>
          <tied type="start"/>
          </notations>
        </note>
      <note default-x="49.65" default-y="-145.00">
        <pitch>
          <step>E</step>
          <octave>4</octave>
          </pitch>
        <duration>1</duration>
        <tie type="stop"/>
        <voice>1</voice>
        <type>quarter</type>
        <stem>up</stem>
        <notations>
          <tied type="stop"/>
          </notations>
        </note>
      <note default-x="76.05" default-y="-140.00">
        <pitch>
          <step>F</step>
          <octave>4</octave>
          </pitch>
        <duration>1</duration>
        <voice>1</voice>
        <type>quarter</type>
        <stem>up</stem>
        </note>
      </measure>
    <measure number="16" width="68.95">
      <note default-x="12.00" default-y="-140.00">
        <pitch>
          <step>F</step>
          <octave>4</octave>
          </pitch>
        <duration>4</duration>
        <voice>1</voice>
        <type>whole</type>
        </note>
      <note>
        <rest/>
        <duration>2</duration>
        <voice>1</voice>
        <type>half</type>
        </note>
      </measure>
    <measure number="17" width="79.85">
      <note default-x="12.00" default-y="-140.00">
        <pitch>
          <step>F</step>
          <octave>4</octave>
          </pitch>
        <duration>2</duration>
        <voice>1</voice>
        <type>half</type>
        <stem>up</stem>
        </note>
      <note default-x="33.17" default-y="-135.00">
        <pitch>
          <step>G</step>
          <octave>4</octave>
          </pitch>
        <duration>2</duration>
        <voice>1</voice>
        <type>half</type>
        <stem>up</stem>
        </note>
      <note default-x="54.35" default-y="-145.00">
        <pitch>
          <step>E</step>
          <octave>4</octave>
          </pitch>
        <duration>2</duration>
        <voice>1</voice>
        <type>half</type>
        <stem>up</stem>
        </note>
      </measure>
    <measure number="18" width="87.61">
      <note default-x="12.00" default-y="-150.00">
        <pitch>
          <step>D</step>
          <octave>4</octave>
          </pitch>
        <duration>3</duration>
        <voice>1</voice>
        <type>half</type>
        <dot/>
        <stem>up</stem>
        </note>
      <note default-x="43.23" default-y="-150.00">
        <pitch>
          <step>D</step>
          <octave>4</octave>
          </pitch>
        <duration>1</duration>
        <voice>1</voice>
        <type>quarter</type>
        <stem>up</stem>
        </note>
      <note default-x="60.40" default-y="-150.00">
        <pitch>
          <step>D</step>
          <octave>4</octave>
          </pitch>
        <duration>2</duration>
        <voice>1</voice>
        <type>half</type>
        <stem>up</stem>
        </note>
      </measure>
    <measure number="19" width="79.85">
      <note default-x="12.00" default-y="-145.00">
        <pitch>
          <step>E</step>
          <octave>4</octave>
          </pitch>
        <duration>2</duration>
        <voice>1</voice>
        <type>half</type>
        <stem>up</stem>
        </note>
      <note default-x="33.17" default-y="-140.00">
        <pitch>
          <step>F</step>
          <octave>4</octave>
          </pitch>
        <duration>2</duration>
        <voice>1</voice>
        <type>half</type>
        <stem>up</stem>
        </note>
      <note default-x="54.35" default-y="-150.00">
        <pitch>
          <step>D</step>
          <octave>4</octave>
          </pitch>
        <duration>2</duration>
        <voice>1</voice>
        <type>half</type>
        <stem>up</stem>
        </note>
      </measure>
    <measure number="20" width="87.61">
      <note default-x="12.00" default-y="-150.00">
        <pitch>
          <step>D</step>
          <octave>4</octave>
          </pitch>
        <duration>3</duration>
        <voice>1</voice>
        <type>half</type>
        <dot/>
        <stem>up</stem>
        </note>
      <note default-x="43.23" default-y="-150.00">
        <pitch>
          <step>D</step>
          <octave>4</octave>
          </pitch>
        <duration>1</duration>
        <voice>1</voice>
        <type>quarter</type>
        <stem>up</stem>
        </note>
      <note default-x="60.40" default-y="-150.00">
        <pitch>
          <step>D</step>
          <octave>4</octave>
          </pitch>
        <duration>2</duration>
        <voice>1</voice>
        <type>half</type>
        <stem>up</stem>
        </note>
      </measure>
    <measure number="21" width="79.85">
      <note default-x="12.00" default-y="-140.00">
        <pitch>
          <step>F</step>
          <octave>4</octave>
          </pitch>
        <duration>2</duration>
        <voice>1</voice>
        <type>half</type>
        <stem>up</stem>
        </note>
      <note default-x="33.17" default-y="-135.00">
        <pitch>
          <step>G</step>
          <octave>4</octave>
          </pitch>
        <duration>2</duration>
        <voice>1</voice>
        <type>half</type>
        <stem>up</stem>
        </note>
      <note default-x="54.35" default-y="-145.00">
        <pitch>
          <step>E</step>
          <octave>4</octave>
          </pitch>
        <duration>2</duration>
        <voice>1</voice>
        <type>half</type>
        <stem>up</stem>
        </note>
      </measure>
    <measure number="22" width="87.61">
      <note default-x="12.00" default-y="-140.00">
        <pitch>
          <step>F</step>
          <octave>4</octave>
          </pitch>
        <duration>3</duration>
        <voice>1</voice>
        <type>half</type>
        <dot/>
        <stem>up</stem>
        </note>
      <note default-x="43.23" default-y="-140.00">
        <pitch>
          <step>F</step>
          <octave>4</octave>
          </pitch>
        <duration>1</duration>
        <voice>1</voice>
        <type>quarter</type>
        <stem>up</stem>
        </note>
      <note default-x="60.40" default-y="-140.00">
        <pitch>
          <step>F</step>
          <octave>4</octave>
          </pitch>
        <duration>2</duration>
        <voice>1</voice>
        <type>half</type>
        <stem>up</stem>
        </note>
      </measure>
    <measure number="23" width="67.85">
      <note default-x="12.00" default-y="-140.00">
        <pitch>
          <step>F</step>
          <octave>4</octave>
          </pitch>
        <duration>2</duration>
        <voice>1</voice>
        <type>half</type>
        <stem>up</stem>
        </note>
      <note default-x="32.86" default-y="-145.00">
        <pitch>
          <step>E</step>
          <octave>4</octave>
          </pitch>
        <duration>4</duration>
        <voice>1</voice>
        <type>whole</type>
        </note>
      </measure>
    <measure number="24" width="174.18">
      <print new-system="yes">
        <staff-layout number="1">
          <staff-distance>65.00</staff-distance>
          </staff-layout>
        </print>
      <note default-x="63.53" default-y="-140.00">
        <pitch>
          <step>F</step>
          <octave>4</octave>
          </pitch>
        <duration>2</duration>
        <voice>1</voice>
        <type>half</type>
        <stem>up</stem>
        </note>
      <note default-x="105.47" default-y="-140.00">
        <pitch>
          <step>F</step>
          <octave>4</octave>
          </pitch>
        <duration>4</duration>
        <tie type="start"/>
        <voice>1</voice>
        <type>whole</type>
        <notations>
          <tied type="start"/>
          </notations>
        </note>
      </measure>
    <measure number="25" width="164.27">
      <note default-x="12.00" default-y="-140.00">
        <pitch>
          <step>F</step>
          <octave>4</octave>
          </pitch>
        <duration>2</duration>
        <tie type="stop"/>
        <voice>1</voice>
        <type>half</type>
        <stem>up</stem>
        <notations>
          <tied type="stop"/>
          </notations>
        </note>
      <note default-x="57.83" default-y="-145.00">
        <pitch>
          <step>E</step>
          <octave>4</octave>
          </pitch>
        <duration>1</duration>
        <voice>1</voice>
        <type>quarter</type>
        <stem>up</stem>
        </note>
      <note default-x="86.48" default-y="-150.00">
        <pitch>
          <step>D</step>
          <octave>4</octave>
          </pitch>
        <duration>1</duration>
        <voice>1</voice>
        <type>quarter</type>
        <stem>up</stem>
        </note>
      <note default-x="116.84" default-y="-155.00">
        <pitch>
          <step>C</step>
          <alter>1</alter>
          <octave>4</octave>
          </pitch>
        <duration>2</duration>
        <voice>1</voice>
        <type>half</type>
        <accidental>sharp</accidental>
        <stem>up</stem>
        </note>
      </measure>
    <measure number="26" width="123.74">
      <note default-x="12.00" default-y="-150.00">
        <pitch>
          <step>D</step>
          <octave>4</octave>
          </pitch>
        <duration>4</duration>
        <voice>1</voice>
        <type>whole</type>
        </note>
      <note>
        <rest/>
        <duration>2</duration>
        <voice>1</voice>
        <type>half</type>
        </note>
      </measure>
    <measure number="27" width="124.21">
      <note default-x="12.47" default-y="-150.00">
        <pitch>
          <step>D</step>
          <octave>4</octave>
          </pitch>
        <duration>4</duration>
        <voice>1</voice>
        <type>whole</type>
        </note>
      <note>
        <rest/>
        <duration>2</duration>
        <voice>1</voice>
        <type>half</type>
        </note>
      </measure>
    <measure number="28" width="161.51">
      <note default-x="12.47" default-y="-135.00">
        <pitch>
          <step>G</step>
          <octave>4</octave>
          </pitch>
        <duration>2</duration>
        <voice>1</voice>
        <type>half</type>
        <stem>up</stem>
        </note>
      <note default-x="61.61" default-y="-145.00">
        <pitch>
          <step>E</step>
          <octave>4</octave>
          </pitch>
        <duration>2</duration>
        <voice>1</voice>
        <type>half</type>
        <stem>up</stem>
        </note>
      <note default-x="110.76" default-y="-140.00">
        <pitch>
          <step>F</step>
          <octave>4</octave>
          </pitch>
        <duration>2</duration>
        <voice>1</voice>
        <type>half</type>
        <stem>up</stem>
        </note>
      </measure>
    <measure number="29" width="155.23">
      <note default-x="12.00" default-y="-145.00">
        <pitch>
          <step>E</step>
          <octave>4</octave>
          </pitch>
        <duration>4</duration>
        <tie type="start"/>
        <voice>1</voice>
        <type>whole</type>
        <notations>
          <tied type="start"/>
          </notations>
        </note>
      <note default-x="96.78" default-y="-145.00">
        <pitch>
          <step>E</step>
          <octave>4</octave>
          </pitch>
        <duration>1</duration>
        <tie type="stop"/>
        <voice>1</voice>
        <type>quarter</type>
        <stem>up</stem>
        <notations>
          <tied type="stop"/>
          </notations>
        </note>
      <note default-x="127.14" default-y="-140.00">
        <pitch>
          <step>F</step>
          <alter>1</alter>
          <octave>4</octave>
          </pitch>
        <duration>1</duration>
        <voice>1</voice>
        <type>quarter</type>
        <accidental>sharp</accidental>
        <stem>up</stem>
        </note>
      </measure>
    <measure number="30" width="133.44">
      <note default-x="16.80" default-y="-140.00">
        <pitch>
          <step>F</step>
          <alter>1</alter>
          <octave>4</octave>
          </pitch>
        <duration>4</duration>
        <tie type="start"/>
        <voice>1</voice>
        <type>whole</type>
        <accidental>sharp</accidental>
        <notations>
          <tied type="start"/>
          <fermata type="upright"/>
          </notations>
        </note>
      <note default-x="83.90" default-y="-140.00">
        <pitch>
          <step>F</step>
          <alter>1</alter>
          <octave>4</octave>
          </pitch>
        <duration>2</duration>
        <tie type="stop"/>
        <voice>1</voice>
        <type>half</type>
        <stem>up</stem>
        <notations>
          <tied type="stop"/>
          </notations>
        </note>
      <barline location="right">
        <bar-style>light-heavy</bar-style>
        </barline>
      </measure>
    </part>
  <part id="P3">
    <measure number="1" width="142.89">
      <print>
        <staff-layout number="1">
          <staff-distance>65.00</staff-distance>
          </staff-layout>
        </print>
      <attributes>
        <divisions>1</divisions>
        <key>
          <fifths>-1</fifths>
          <mode>major</mode>
          </key>
        <time>
          <beats>3</beats>
          <beat-type>2</beat-type>
          </time>
        <clef>
          <sign>F</sign>
          <line>4</line>
          </clef>
        </attributes>
      <note>
        <rest/>
        <duration>2</duration>
        <voice>1</voice>
        <type>half</type>
        </note>
      <note default-x="105.75" default-y="-195.00">
        <pitch>
          <step>D</step>
          <octave>4</octave>
          </pitch>
        <duration>4</duration>
        <voice>1</voice>
        <type>whole</type>
        </note>
      </measure>
    <measure number="2" width="90.02">
      <note default-x="12.00" default-y="-205.00">
        <pitch>
          <step>B</step>
          <alter>-1</alter>
          <octave>3</octave>
          </pitch>
        <duration>2</duration>
        <voice>1</voice>
        <type>half</type>
        <stem>down</stem>
        </note>
      <note default-x="36.00" default-y="-200.00">
        <pitch>
          <step>C</step>
          <octave>4</octave>
          </pitch>
        <duration>3</duration>
        <voice>1</voice>
        <type>half</type>
        <dot/>
        <stem>down</stem>
        </note>
      <note default-x="65.26" default-y="-200.00">
        <pitch>
          <step>C</step>
          <octave>4</octave>
          </pitch>
        <duration>1</duration>
        <voice>1</voice>
        <type>quarter</type>
        <stem>down</stem>
        </note>
      </measure>
    <measure number="3" width="90.02">
      <note default-x="12.00" default-y="-195.00">
        <pitch>
          <step>D</step>
          <octave>4</octave>
          </pitch>
        <duration>3</duration>
        <voice>1</voice>
        <type>half</type>
        <dot/>
        <stem>down</stem>
        </note>
      <note default-x="44.56" default-y="-195.00">
        <pitch>
          <step>D</step>
          <octave>4</octave>
          </pitch>
        <duration>1</duration>
        <voice>1</voice>
        <type>quarter</type>
        <stem>down</stem>
        </note>
      <note default-x="61.72" default-y="-195.00">
        <pitch>
          <step>D</step>
          <octave>4</octave>
          </pitch>
        <duration>2</duration>
        <voice>1</voice>
        <type>half</type>
        <stem>down</stem>
        </note>
      </measure>
    <measure number="4" width="90.02">
      <note default-x="12.00" default-y="-210.00">
        <pitch>
          <step>A</step>
          <octave>3</octave>
          </pitch>
        <duration>2</duration>
        <voice>1</voice>
        <type>half</type>
        <stem>down</stem>
        </note>
      <note default-x="36.00" default-y="-205.00">
        <pitch>
          <step>B</step>
          <alter>-1</alter>
          <octave>3</octave>
          </pitch>
        <duration>3</duration>
        <voice>1</voice>
        <type>half</type>
        <dot/>
        <stem>down</stem>
        </note>
      <note default-x="65.26" default-y="-205.00">
        <pitch>
          <step>B</step>
          <alter>-1</alter>
          <octave>3</octave>
          </pitch>
        <duration>1</duration>
        <voice>1</voice>
        <type>quarter</type>
        <stem>down</stem>
        </note>
      </measure>
    <measure number="5" width="90.02">
      <note default-x="12.00" default-y="-200.00">
        <pitch>
          <step>C</step>
          <octave>4</octave>
          </pitch>
        <duration>3</duration>
        <voice>1</voice>
        <type>half</type>
        <dot/>
        <stem>down</stem>
        </note>
      <note default-x="44.56" default-y="-200.00">
        <pitch>
          <step>C</step>
          <octave>4</octave>
          </pitch>
        <duration>1</duration>
        <voice>1</voice>
        <type>quarter</type>
        <stem>down</stem>
        </note>
      <note default-x="61.72" default-y="-200.00">
        <pitch>
          <step>C</step>
          <octave>4</octave>
          </pitch>
        <duration>2</duration>
        <voice>1</voice>
        <type>half</type>
        <stem>down</stem>
        </note>
      </measure>
    <measure number="6" width="70.26">
      <note default-x="12.00" default-y="-210.00">
        <pitch>
          <step>A</step>
          <octave>3</octave>
          </pitch>
        <duration>2</duration>
        <voice>1</voice>
        <type>half</type>
        <stem>down</stem>
        </note>
      <note default-x="33.79" default-y="-215.00">
        <pitch>
          <step>G</step>
          <octave>3</octave>
          </pitch>
        <duration>4</duration>
        <voice>1</voice>
        <type>whole</type>
        </note>
      </measure>
    <measure number="7" width="71.36">
      <note default-x="12.00" default-y="-220.00">
        <pitch>
          <step>F</step>
          <octave>3</octave>
          </pitch>
        <duration>4</duration>
        <voice>1</voice>
        <type>whole</type>
        </note>
      <note>
        <rest/>
        <duration>2</duration>
        <voice>1</voice>
        <type>half</type>
        </note>
      </measure>
    <measure number="8" width="90.02">
      <note default-x="12.00" default-y="-210.00">
        <pitch>
          <step>A</step>
          <octave>3</octave>
          </pitch>
        <duration>2</duration>
        <voice>1</voice>
        <type>half</type>
        <stem>down</stem>
        </note>
      <note default-x="36.00" default-y="-205.00">
        <pitch>
          <step>B</step>
          <alter>-1</alter>
          <octave>3</octave>
          </pitch>
        <duration>3</duration>
        <voice>1</voice>
        <type>half</type>
        <dot/>
        <stem>down</stem>
        </note>
      <note default-x="65.26" default-y="-205.00">
        <pitch>
          <step>B</step>
          <alter>-1</alter>
          <octave>3</octave>
          </pitch>
        <duration>1</duration>
        <voice>1</voice>
        <type>quarter</type>
        <stem>down</stem>
        </note>
      </measure>
    <measure number="9" width="90.02">
      <note default-x="12.00" default-y="-200.00">
        <pitch>
          <step>C</step>
          <octave>4</octave>
          </pitch>
        <duration>3</duration>
        <voice>1</voice>
        <type>half</type>
        <dot/>
        <stem>down</stem>
        </note>
      <note default-x="44.56" default-y="-200.00">
        <pitch>
          <step>C</step>
          <octave>4</octave>
          </pitch>
        <duration>1</duration>
        <voice>1</voice>
        <type>quarter</type>
        <stem>down</stem>
        </note>
      <note default-x="61.72" default-y="-200.00">
        <pitch>
          <step>C</step>
          <octave>4</octave>
          </pitch>
        <duration>2</duration>
        <voice>1</voice>
        <type>half</type>
        <stem>down</stem>
        </note>
      </measure>
    <measure number="10" width="75.06">
      <note default-x="16.80" default-y="-200.00">
        <pitch>
          <step>C</step>
          <alter>1</alter>
          <octave>4</octave>
          </pitch>
        <duration>2</duration>
        <voice>1</voice>
        <type>half</type>
        <accidental>sharp</accidental>
        <stem>down</stem>
        </note>
      <note default-x="38.59" default-y="-195.00">
        <pitch>
          <step>D</step>
          <octave>4</octave>
          </pitch>
        <duration>4</duration>
        <voice>1</voice>
        <type>whole</type>
        </note>
      </measure>
    <measure number="11" width="76.16">
      <note default-x="16.80" default-y="-210.00">
        <pitch>
          <step>A</step>
          <octave>3</octave>
          </pitch>
        <duration>4</duration>
        <voice>1</voice>
        <type>whole</type>
        </note>
      <note>
        <rest/>
        <duration>2</duration>
        <voice>1</voice>
        <type>half</type>
        </note>
      </measure>
    <measure number="12" width="120.48">
      <print new-system="yes">
        <staff-layout number="1">
          <staff-distance>65.00</staff-distance>
          </staff-layout>
        </print>
      <note default-x="63.53" default-y="-220.00">
        <pitch>
          <step>F</step>
          <octave>3</octave>
          </pitch>
        <duration>4</duration>
        <voice>1</voice>
        <type>whole</type>
        </note>
      <note>
        <rest/>
        <duration>2</duration>
        <voice>1</voice>
        <type>half</type>
        </note>
      </measure>
    <measure number="13" width="69.41">
      <note default-x="12.47" default-y="-215.00">
        <pitch>
          <step>G</step>
          <octave>3</octave>
          </pitch>
        <duration>4</duration>
        <voice>1</voice>
        <type>whole</type>
        </note>
      <note>
        <rest/>
        <duration>2</duration>
        <voice>1</voice>
        <type>half</type>
        </note>
      </measure>
    <measure number="14" width="106.71">
      <note default-x="12.47" default-y="-215.00">
        <pitch>
          <step>G</step>
          <octave>3</octave>
          </pitch>
        <duration>2</duration>
        <voice>1</voice>
        <type>half</type>
        <stem>down</stem>
        </note>
      <note default-x="43.57" default-y="-215.00">
        <pitch>
          <step>G</step>
          <octave>3</octave>
          </pitch>
        <duration>2</duration>
        <voice>1</voice>
        <type>half</type>
        <stem>down</stem>
        </note>
      <note default-x="74.67" default-y="-215.00">
        <pitch>
          <step>G</step>
          <alter>1</alter>
          <octave>3</octave>
          </pitch>
        <duration>2</duration>
        <voice>1</voice>
        <type>half</type>
        <accidental>sharp</accidental>
        <stem>down</stem>
        </note>
      </measure>
    <measure number="15" width="100.81">
      <note default-x="12.00" default-y="-210.00">
        <pitch>
          <step>A</step>
          <octave>3</octave>
          </pitch>
        <duration>4</duration>
        <tie type="start"/>
        <voice>1</voice>
        <type>whole</type>
        <notations>
          <tied type="start"/>
          </notations>
        </note>
      <note default-x="49.65" default-y="-210.00">
        <pitch>
          <step>A</step>
          <octave>3</octave>
          </pitch>
        <duration>1</duration>
        <tie type="stop"/>
        <voice>1</voice>
        <type>quarter</type>
        <stem>down</stem>
        <notations>
          <tied type="stop"/>
          </notations>
        </note>
      <note default-x="76.05" default-y="-230.00">
        <pitch>
          <step>D</step>
          <octave>3</octave>
          </pitch>
        <duration>1</duration>
        <voice>1</voice>
        <type>quarter</type>
        <stem>down</stem>
        </note>
      </measure>
    <measure number="16" width="68.95">
      <note default-x="12.00" default-y="-230.00">
        <pitch>
          <step>D</step>
          <octave>3</octave>
          </pitch>
        <duration>4</duration>
        <voice>1</voice>
        <type>whole</type>
        </note>
      <note>
        <rest/>
        <duration>2</duration>
        <voice>1</voice>
        <type>half</type>
        </note>
      </measure>
    <measure number="17" width="79.85">
      <note default-x="12.00" default-y="-195.00">
        <pitch>
          <step>D</step>
          <octave>4</octave>
          </pitch>
        <duration>2</duration>
        <voice>1</voice>
        <type>half</type>
        <stem>down</stem>
        </note>
      <note default-x="33.17" default-y="-205.00">
        <pitch>
          <step>B</step>
          <alter>-1</alter>
          <octave>3</octave>
          </pitch>
        <duration>2</duration>
        <voice>1</voice>
        <type>half</type>
        <stem>down</stem>
        </note>
      <note default-x="54.35" default-y="-200.00">
        <pitch>
          <step>C</step>
          <octave>4</octave>
          </pitch>
        <duration>2</duration>
        <voice>1</voice>
        <type>half</type>
        <stem>down</stem>
        </note>
      </measure>
    <measure number="18" width="87.61">
      <note default-x="12.00" default-y="-220.00">
        <pitch>
          <step>F</step>
          <octave>3</octave>
          </pitch>
        <duration>3</duration>
        <voice>1</voice>
        <type>half</type>
        <dot/>
        <stem>down</stem>
        </note>
      <note default-x="43.23" default-y="-220.00">
        <pitch>
          <step>F</step>
          <octave>3</octave>
          </pitch>
        <duration>1</duration>
        <voice>1</voice>
        <type>quarter</type>
        <stem>down</stem>
        </note>
      <note default-x="60.40" default-y="-220.00">
        <pitch>
          <step>F</step>
          <octave>3</octave>
          </pitch>
        <duration>2</duration>
        <voice>1</voice>
        <type>half</type>
        <stem>down</stem>
        </note>
      </measure>
    <measure number="19" width="79.85">
      <note default-x="12.00" default-y="-200.00">
        <pitch>
          <step>C</step>
          <octave>4</octave>
          </pitch>
        <duration>2</duration>
        <voice>1</voice>
        <type>half</type>
        <stem>down</stem>
        </note>
      <note default-x="33.17" default-y="-220.00">
        <pitch>
          <step>F</step>
          <octave>3</octave>
          </pitch>
        <duration>2</duration>
        <voice>1</voice>
        <type>half</type>
        <stem>down</stem>
        </note>
      <note default-x="54.35" default-y="-205.00">
        <pitch>
          <step>B</step>
          <alter>-1</alter>
          <octave>3</octave>
          </pitch>
        <duration>2</duration>
        <voice>1</voice>
        <type>half</type>
        <stem>down</stem>
        </note>
      </measure>
    <measure number="20" width="87.61">
      <note default-x="12.00" default-y="-215.00">
        <pitch>
          <step>G</step>
          <octave>3</octave>
          </pitch>
        <duration>3</duration>
        <voice>1</voice>
        <type>half</type>
        <dot/>
        <stem>down</stem>
        </note>
      <note default-x="43.23" default-y="-215.00">
        <pitch>
          <step>G</step>
          <octave>3</octave>
          </pitch>
        <duration>1</duration>
        <voice>1</voice>
        <type>quarter</type>
        <stem>down</stem>
        </note>
      <note default-x="60.40" default-y="-215.00">
        <pitch>
          <step>G</step>
          <octave>3</octave>
          </pitch>
        <duration>2</duration>
        <voice>1</voice>
        <type>half</type>
        <stem>down</stem>
        </note>
      </measure>
    <measure number="21" width="79.85">
      <note default-x="12.00" default-y="-195.00">
        <pitch>
          <step>D</step>
          <octave>4</octave>
          </pitch>
        <duration>2</duration>
        <voice>1</voice>
        <type>half</type>
        <stem>down</stem>
        </note>
      <note default-x="33.17" default-y="-205.00">
        <pitch>
          <step>B</step>
          <alter>-1</alter>
          <octave>3</octave>
          </pitch>
        <duration>2</duration>
        <voice>1</voice>
        <type>half</type>
        <stem>down</stem>
        </note>
      <note default-x="54.35" default-y="-200.00">
        <pitch>
          <step>C</step>
          <octave>4</octave>
          </pitch>
        <duration>2</duration>
        <voice>1</voice>
        <type>half</type>
        <stem>down</stem>
        </note>
      </measure>
    <measure number="22" width="87.61">
      <note default-x="12.00" default-y="-220.00">
        <pitch>
          <step>F</step>
          <octave>3</octave>
          </pitch>
        <duration>3</duration>
        <voice>1</voice>
        <type>half</type>
        <dot/>
        <stem>down</stem>
        </note>
      <note default-x="43.23" default-y="-215.00">
        <pitch>
          <step>G</step>
          <octave>3</octave>
          </pitch>
        <duration>1</duration>
        <voice>1</voice>
        <type>quarter</type>
        <stem>down</stem>
        </note>
      <note default-x="60.40" default-y="-210.00">
        <pitch>
          <step>A</step>
          <octave>3</octave>
          </pitch>
        <duration>2</duration>
        <voice>1</voice>
        <type>half</type>
        <stem>down</stem>
        </note>
      </measure>
    <measure number="23" width="67.85">
      <note default-x="12.00" default-y="-205.00">
        <pitch>
          <step>B</step>
          <alter>-1</alter>
          <octave>3</octave>
          </pitch>
        <duration>2</duration>
        <voice>1</voice>
        <type>half</type>
        <stem>down</stem>
        </note>
      <note default-x="32.86" default-y="-200.00">
        <pitch>
          <step>C</step>
          <octave>4</octave>
          </pitch>
        <duration>4</duration>
        <voice>1</voice>
        <type>whole</type>
        </note>
      </measure>
    <measure number="24" width="174.18">
      <print new-system="yes">
        <staff-layout number="1">
          <staff-distance>65.00</staff-distance>
          </staff-layout>
        </print>
      <note default-x="63.53" default-y="-220.00">
        <pitch>
          <step>F</step>
          <octave>3</octave>
          </pitch>
        <duration>2</duration>
        <voice>1</voice>
        <type>half</type>
        <stem>down</stem>
        </note>
      <note>
        <rest/>
        <duration>4</duration>
        <voice>1</voice>
        <type>whole</type>
        </note>
      </measure>
    <measure number="25" width="164.27">
      <note default-x="12.00" default-y="-215.00">
        <pitch>
          <step>G</step>
          <octave>3</octave>
          </pitch>
        <duration>4</duration>
        <voice>1</voice>
        <type>whole</type>
        </note>
      <note default-x="116.84" default-y="-210.00">
        <pitch>
          <step>A</step>
          <octave>3</octave>
          </pitch>
        <duration>2</duration>
        <voice>1</voice>
        <type>half</type>
        <stem>down</stem>
        </note>
      </measure>
    <measure number="26" width="123.74">
      <note default-x="12.00" default-y="-220.00">
        <pitch>
          <step>F</step>
          <octave>3</octave>
          </pitch>
        <duration>4</duration>
        <voice>1</voice>
        <type>whole</type>
        </note>
      <note>
        <rest/>
        <duration>2</duration>
        <voice>1</voice>
        <type>half</type>
        </note>
      </measure>
    <measure number="27" width="124.21">
      <note default-x="12.47" default-y="-215.00">
        <pitch>
          <step>G</step>
          <octave>3</octave>
          </pitch>
        <duration>4</duration>
        <voice>1</voice>
        <type>whole</type>
        </note>
      <note>
        <rest/>
        <duration>2</duration>
        <voice>1</voice>
        <type>half</type>
        </note>
      </measure>
    <measure number="28" width="161.51">
      <note default-x="12.47" default-y="-215.00">
        <pitch>
          <step>G</step>
          <octave>3</octave>
          </pitch>
        <duration>2</duration>
        <voice>1</voice>
        <type>half</type>
        <stem>down</stem>
        </note>
      <note default-x="61.61" default-y="-215.00">
        <pitch>
          <step>G</step>
          <octave>3</octave>
          </pitch>
        <duration>2</duration>
        <voice>1</voice>
        <type>half</type>
        <stem>down</stem>
        </note>
      <note default-x="110.76" default-y="-215.00">
        <pitch>
          <step>G</step>
          <alter>1</alter>
          <octave>3</octave>
          </pitch>
        <duration>2</duration>
        <voice>1</voice>
        <type>half</type>
        <accidental>sharp</accidental>
        <stem>down</stem>
        </note>
      </measure>
    <measure number="29" width="155.23">
      <note default-x="12.00" default-y="-210.00">
        <pitch>
          <step>A</step>
          <octave>3</octave>
          </pitch>
        <duration>4</duration>
        <tie type="start"/>
        <voice>1</voice>
        <type>whole</type>
        <notations>
          <tied type="start"/>
          </notations>
        </note>
      <note default-x="96.78" default-y="-210.00">
        <pitch>
          <step>A</step>
          <octave>3</octave>
          </pitch>
        <duration>1</duration>
        <tie type="stop"/>
        <voice>1</voice>
        <type>quarter</type>
        <stem>down</stem>
        <notations>
          <tied type="stop"/>
          </notations>
        </note>
      <note default-x="127.14" default-y="-230.00">
        <pitch>
          <step>D</step>
          <octave>3</octave>
          </pitch>
        <duration>1</duration>
        <voice>1</voice>
        <type>quarter</type>
        <stem>down</stem>
        </note>
      </measure>
    <measure number="30" width="133.44">
      <note default-x="16.80" default-y="-230.00">
        <pitch>
          <step>D</step>
          <octave>3</octave>
          </pitch>
        <duration>4</duration>
        <tie type="start"/>
        <voice>1</voice>
        <type>whole</type>
        <notations>
          <tied type="start"/>
          <fermata type="upright"/>
          </notations>
        </note>
      <note default-x="83.90" default-y="-230.00">
        <pitch>
          <step>D</step>
          <octave>3</octave>
          </pitch>
        <duration>2</duration>
        <tie type="stop"/>
        <voice>1</voice>
        <type>half</type>
        <stem>down</stem>
        <notations>
          <tied type="stop"/>
          </notations>
        </note>
      <barline location="right">
        <bar-style>light-heavy</bar-style>
        </barline>
      </measure>
    </part>
  </score-partwise>
