<?xml version="1.0" encoding="UTF-8"?>
<!DOCTYPE score-partwise PUBLIC "-//Recordare//DTD MusicXML 2.0 Partwise//EN" "http://www.musicxml.org/dtds/partwise.dtd">
<score-partwise>
  <identification>
    <encoding>
      <software>MuseScore 1.3</software>
      <encoding-date>2014-06-20</encoding-date>
      </encoding>
    </identification>
  <defaults>
    <scaling>
      <millimeters>7.05556</millimeters>
      <tenths>40</tenths>
      </scaling>
    <page-layout>
      <page-height>1683.78</page-height>
      <page-width>1190.55</page-width>
      <page-margins type="even">
        <left-margin>56.6929</left-margin>
        <right-margin>56.6929</right-margin>
        <top-margin>56.6929</top-margin>
        <bottom-margin>113.386</bottom-margin>
        </page-margins>
      <page-margins type="odd">
        <left-margin>56.6929</left-margin>
        <right-margin>56.6929</right-margin>
        <top-margin>56.6929</top-margin>
        <bottom-margin>113.386</bottom-margin>
        </page-margins>
      </page-layout>
    </defaults>
  <credit page="1">
    <credit-words default-x="595.276" default-y="1627.09" font-size="24" justify="center" valign="top">Tres Vite</credit-words>
    </credit>
  <credit page="1">
    <credit-words default-x="595.276" default-y="1570.39" font-size="14" justify="center" valign="top">TWV 33:21</credit-words>
    </credit>
  <credit page="1">
    <credit-words default-x="1133.86" default-y="1560.09" font-size="12" justify="right" valign="top">GP Telemann</credit-words>
    </credit>
  <part-list>
    <score-part id="P1">
      <part-name>Piano</part-name>
      <part-abbreviation>Pno.</part-abbreviation>
      <score-instrument id="P1-I3">
        <instrument-name>Piano</instrument-name>
        </score-instrument>
      <midi-instrument id="P1-I3">
        <midi-channel>1</midi-channel>
        <midi-program>1</midi-program>
        <volume>78.7402</volume>
        <pan>0</pan>
        </midi-instrument>
      </score-part>
    </part-list>
  <part id="P1">
    <measure number="1" width="201.95">
      <print>
        <system-layout>
          <system-margins>
            <left-margin>87.13</left-margin>
            <right-margin>0.00</right-margin>
            </system-margins>
          <top-system-distance>281.55</top-system-distance>
          </system-layout>
        <staff-layout number="2">
          <staff-distance>65.00</staff-distance>
          </staff-layout>
        </print>
      <attributes>
        <divisions>2</divisions>
        <key>
          <fifths>1</fifths>
          <mode>major</mode>
          </key>
        <time>
          <beats>4</beats>
          <beat-type>4</beat-type>
          </time>
        <staves>2</staves>
        <clef number="1">
          <sign>G</sign>
          <line>2</line>
          </clef>
        <clef number="2">
          <sign>F</sign>
          <line>4</line>
          </clef>
        </attributes>
      <note default-x="86.43" default-y="-40.00">
        <pitch>
          <step>E</step>
          <octave>4</octave>
          </pitch>
        <duration>2</duration>
        <voice>1</voice>
        <type>quarter</type>
        <stem>up</stem>
        <staff>1</staff>
        </note>
      <note default-x="114.91" default-y="-20.00">
        <pitch>
          <step>B</step>
          <octave>4</octave>
          </pitch>
        <duration>2</duration>
        <voice>1</voice>
        <type>quarter</type>
        <stem>down</stem>
        <staff>1</staff>
        </note>
      <note default-x="143.39" default-y="-20.00">
        <pitch>
          <step>B</step>
          <octave>4</octave>
          </pitch>
        <duration>4</duration>
        <voice>1</voice>
        <type>half</type>
        <stem>down</stem>
        <staff>1</staff>
        </note>
      <backup>
        <duration>8</duration>
        </backup>
      <note default-x="86.43" default-y="-120.00">
        <pitch>
          <step>E</step>
          <octave>3</octave>
          </pitch>
        <duration>4</duration>
        <voice>5</voice>
        <type>half</type>
        <stem>down</stem>
        <staff>2</staff>
        </note>
      <note default-x="143.39" default-y="-110.00">
        <pitch>
          <step>G</step>
          <octave>3</octave>
          </pitch>
        <duration>2</duration>
        <voice>5</voice>
        <type>quarter</type>
        <stem>down</stem>
        <staff>2</staff>
        </note>
      <note default-x="171.87" default-y="-120.00">
        <pitch>
          <step>E</step>
          <octave>3</octave>
          </pitch>
        <duration>2</duration>
        <voice>5</voice>
        <type>quarter</type>
        <stem>down</stem>
        <staff>2</staff>
        </note>
      </measure>
    <measure number="2" width="161.84">
      <note default-x="12.00" default-y="-15.00">
        <pitch>
          <step>C</step>
          <octave>5</octave>
          </pitch>
        <duration>1</duration>
        <voice>1</voice>
        <type>eighth</type>
        <stem>down</stem>
        <staff>1</staff>
        <beam number="1">begin</beam>
        </note>
      <note default-x="32.59" default-y="-20.00">
        <pitch>
          <step>B</step>
          <octave>4</octave>
          </pitch>
        <duration>1</duration>
        <voice>1</voice>
        <type>eighth</type>
        <stem>down</stem>
        <staff>1</staff>
        <beam number="1">continue</beam>
        </note>
      <note default-x="53.18" default-y="-15.00">
        <pitch>
          <step>C</step>
          <octave>5</octave>
          </pitch>
        <duration>1</duration>
        <voice>1</voice>
        <type>eighth</type>
        <stem>down</stem>
        <staff>1</staff>
        <beam number="1">continue</beam>
        </note>
      <note default-x="73.77" default-y="-10.00">
        <pitch>
          <step>D</step>
          <octave>5</octave>
          </pitch>
        <duration>1</duration>
        <voice>1</voice>
        <type>eighth</type>
        <stem>down</stem>
        <staff>1</staff>
        <beam number="1">end</beam>
        </note>
      <note default-x="94.36" default-y="-20.00">
        <pitch>
          <step>B</step>
          <octave>4</octave>
          </pitch>
        <duration>4</duration>
        <voice>1</voice>
        <type>half</type>
        <stem>down</stem>
        <staff>1</staff>
        </note>
      <backup>
        <duration>8</duration>
        </backup>
      <note default-x="12.00" default-y="-105.00">
        <pitch>
          <step>A</step>
          <octave>3</octave>
          </pitch>
        <duration>2</duration>
        <voice>5</voice>
        <type>quarter</type>
        <stem>down</stem>
        <staff>2</staff>
        </note>
      <note default-x="53.18" default-y="-115.00">
        <pitch>
          <step>F</step>
          <alter>1</alter>
          <octave>3</octave>
          </pitch>
        <duration>2</duration>
        <voice>5</voice>
        <type>quarter</type>
        <stem>down</stem>
        <staff>2</staff>
        </note>
      <note default-x="94.36" default-y="-110.00">
        <pitch>
          <step>G</step>
          <octave>3</octave>
          </pitch>
        <duration>2</duration>
        <voice>5</voice>
        <type>quarter</type>
        <stem>down</stem>
        <staff>2</staff>
        </note>
      <note default-x="127.30" default-y="-145.00">
        <pitch>
          <step>G</step>
          <octave>2</octave>
          </pitch>
        <duration>2</duration>
        <voice>5</voice>
        <type>quarter</type>
        <stem>up</stem>
        <staff>2</staff>
        </note>
      </measure>
    <measure number="3" width="127.52">
      <note default-x="12.00" default-y="-5.00">
        <pitch>
          <step>E</step>
          <octave>5</octave>
          </pitch>
        <duration>2</duration>
        <voice>1</voice>
        <type>quarter</type>
        <stem>down</stem>
        <staff>1</staff>
        </note>
      <note default-x="40.48" default-y="-20.00">
        <pitch>
          <step>B</step>
          <octave>4</octave>
          </pitch>
        <duration>2</duration>
        <voice>1</voice>
        <type>quarter</type>
        <stem>down</stem>
        <staff>1</staff>
        </note>
      <note default-x="68.96" default-y="-5.00">
        <pitch>
          <step>E</step>
          <octave>5</octave>
          </pitch>
        <duration>2</duration>
        <voice>1</voice>
        <type>quarter</type>
        <stem>down</stem>
        <staff>1</staff>
        </note>
      <note default-x="97.44" default-y="-20.00">
        <pitch>
          <step>B</step>
          <octave>4</octave>
          </pitch>
        <duration>2</duration>
        <voice>1</voice>
        <type>quarter</type>
        <stem>down</stem>
        <staff>1</staff>
        </note>
      <backup>
        <duration>8</duration>
        </backup>
      <note default-x="12.00" default-y="-110.00">
        <pitch>
          <step>G</step>
          <octave>3</octave>
          </pitch>
        <duration>4</duration>
        <voice>5</voice>
        <type>half</type>
        <stem>down</stem>
        <staff>2</staff>
        </note>
      <note default-x="68.96" default-y="-120.00">
        <pitch>
          <step>E</step>
          <octave>3</octave>
          </pitch>
        <duration>4</duration>
        <voice>5</voice>
        <type>half</type>
        <stem>down</stem>
        <staff>2</staff>
        </note>
      </measure>
    <measure number="4" width="175.04">
      <note default-x="12.00" default-y="-25.00">
        <pitch>
          <step>A</step>
          <octave>4</octave>
          </pitch>
        <duration>2</duration>
        <voice>1</voice>
        <type>quarter</type>
        <stem>up</stem>
        <staff>1</staff>
        </note>
      <note default-x="47.88" default-y="-30.00">
        <pitch>
          <step>G</step>
          <octave>4</octave>
          </pitch>
        <duration>1</duration>
        <voice>1</voice>
        <type>eighth</type>
        <stem>up</stem>
        <staff>1</staff>
        <beam number="1">begin</beam>
        </note>
      <note default-x="70.30" default-y="-35.00">
        <pitch>
          <step>F</step>
          <alter>1</alter>
          <octave>4</octave>
          </pitch>
        <duration>1</duration>
        <voice>1</voice>
        <type>eighth</type>
        <stem>up</stem>
        <staff>1</staff>
        <beam number="1">end</beam>
        </note>
      <note default-x="92.72" default-y="-30.00">
        <pitch>
          <step>G</step>
          <octave>4</octave>
          </pitch>
        <duration>1</duration>
        <voice>1</voice>
        <type>eighth</type>
        <stem>up</stem>
        <staff>1</staff>
        <beam number="1">begin</beam>
        </note>
      <note default-x="115.14" default-y="-40.00">
        <pitch>
          <step>E</step>
          <octave>4</octave>
          </pitch>
        <duration>1</duration>
        <voice>1</voice>
        <type>eighth</type>
        <stem>up</stem>
        <staff>1</staff>
        <beam number="1">end</beam>
        </note>
      <note default-x="137.57" default-y="-20.00">
        <pitch>
          <step>B</step>
          <octave>4</octave>
          </pitch>
        <duration>2</duration>
        <voice>1</voice>
        <type>quarter</type>
        <stem>down</stem>
        <staff>1</staff>
        </note>
      <backup>
        <duration>8</duration>
        </backup>
      <note default-x="12.00" default-y="-115.00">
        <pitch>
          <step>F</step>
          <alter>1</alter>
          <octave>3</octave>
          </pitch>
        <duration>2</duration>
        <voice>5</voice>
        <type>quarter</type>
        <stem>down</stem>
        <staff>2</staff>
        </note>
      <note default-x="47.88" default-y="-125.00">
        <pitch>
          <step>D</step>
          <alter>1</alter>
          <octave>3</octave>
          </pitch>
        <duration>2</duration>
        <voice>5</voice>
        <type>quarter</type>
        <accidental>sharp</accidental>
        <stem>down</stem>
        <staff>2</staff>
        </note>
      <note default-x="92.72" default-y="-120.00">
        <pitch>
          <step>E</step>
          <octave>3</octave>
          </pitch>
        <duration>2</duration>
        <voice>5</voice>
        <type>quarter</type>
        <stem>down</stem>
        <staff>2</staff>
        </note>
      <note default-x="137.57" default-y="-155.00">
        <pitch>
          <step>E</step>
          <octave>2</octave>
          </pitch>
        <duration>2</duration>
        <voice>5</voice>
        <type>quarter</type>
        <stem>up</stem>
        <staff>2</staff>
        </note>
      </measure>
    <measure number="5" width="161.84">
      <note default-x="12.00" default-y="-5.00">
        <pitch>
          <step>E</step>
          <octave>5</octave>
          </pitch>
        <duration>1</duration>
        <voice>1</voice>
        <type>eighth</type>
        <stem>down</stem>
        <staff>1</staff>
        <beam number="1">begin</beam>
        </note>
      <note default-x="32.59" default-y="0.00">
        <pitch>
          <step>F</step>
          <alter>1</alter>
          <octave>5</octave>
          </pitch>
        <duration>1</duration>
        <voice>1</voice>
        <type>eighth</type>
        <stem>down</stem>
        <staff>1</staff>
        <beam number="1">end</beam>
        </note>
      <note default-x="53.18" default-y="5.00">
        <pitch>
          <step>G</step>
          <octave>5</octave>
          </pitch>
        <duration>2</duration>
        <voice>1</voice>
        <type>quarter</type>
        <stem>down</stem>
        <staff>1</staff>
        </note>
      <note default-x="86.12" default-y="5.00">
        <pitch>
          <step>G</step>
          <octave>5</octave>
          </pitch>
        <duration>4</duration>
        <voice>1</voice>
        <type>half</type>
        <stem>down</stem>
        <staff>1</staff>
        </note>
      <backup>
        <duration>8</duration>
        </backup>
      <note default-x="12.00" default-y="-120.00">
        <pitch>
          <step>E</step>
          <octave>3</octave>
          </pitch>
        <duration>4</duration>
        <voice>5</voice>
        <type>half</type>
        <stem>down</stem>
        <staff>2</staff>
        </note>
      <note default-x="86.12" default-y="-120.00">
        <pitch>
          <step>E</step>
          <octave>3</octave>
          </pitch>
        <duration>1</duration>
        <voice>5</voice>
        <type>eighth</type>
        <stem>down</stem>
        <staff>2</staff>
        <beam number="1">begin</beam>
        </note>
      <note default-x="106.71" default-y="-115.00">
        <pitch>
          <step>F</step>
          <alter>1</alter>
          <octave>3</octave>
          </pitch>
        <duration>1</duration>
        <voice>5</voice>
        <type>eighth</type>
        <stem>down</stem>
        <staff>2</staff>
        <beam number="1">end</beam>
        </note>
      <note default-x="127.30" default-y="-110.00">
        <pitch>
          <step>G</step>
          <octave>3</octave>
          </pitch>
        <duration>2</duration>
        <voice>5</voice>
        <type>quarter</type>
        <stem>down</stem>
        <staff>2</staff>
        </note>
      </measure>
    <measure number="6" width="161.84">
      <note default-x="12.00" default-y="-10.00">
        <pitch>
          <step>D</step>
          <octave>5</octave>
          </pitch>
        <duration>2</duration>
        <voice>1</voice>
        <type>quarter</type>
        <stem>down</stem>
        <staff>1</staff>
        </note>
      <note default-x="44.28" default-y="-20.00">
        <pitch>
          <step>B</step>
          <octave>4</octave>
          </pitch>
        <duration>2</duration>
        <voice>1</voice>
        <type>quarter</type>
        <stem>down</stem>
        <staff>1</staff>
        </note>
      <note default-x="76.56" default-y="-15.00">
        <pitch>
          <step>C</step>
          <octave>5</octave>
          </pitch>
        <duration>1</duration>
        <voice>1</voice>
        <type>eighth</type>
        <stem>up</stem>
        <staff>1</staff>
        <beam number="1">begin</beam>
        </note>
      <note default-x="96.73" default-y="-20.00">
        <pitch>
          <step>B</step>
          <octave>4</octave>
          </pitch>
        <duration>1</duration>
        <voice>1</voice>
        <type>eighth</type>
        <stem>up</stem>
        <staff>1</staff>
        <beam number="1">continue</beam>
        </note>
      <note default-x="116.91" default-y="-25.00">
        <pitch>
          <step>A</step>
          <octave>4</octave>
          </pitch>
        <duration>1</duration>
        <voice>1</voice>
        <type>eighth</type>
        <stem>up</stem>
        <staff>1</staff>
        <beam number="1">continue</beam>
        </note>
      <note default-x="137.08" default-y="-30.00">
        <pitch>
          <step>G</step>
          <octave>4</octave>
          </pitch>
        <duration>1</duration>
        <voice>1</voice>
        <type>eighth</type>
        <stem>up</stem>
        <staff>1</staff>
        <beam number="1">end</beam>
        </note>
      <backup>
        <duration>8</duration>
        </backup>
      <note default-x="12.00" default-y="-110.00">
        <pitch>
          <step>G</step>
          <octave>3</octave>
          </pitch>
        <duration>4</duration>
        <voice>5</voice>
        <type>half</type>
        <stem>down</stem>
        <staff>2</staff>
        </note>
      <note default-x="76.56" default-y="-145.00">
        <pitch>
          <step>G</step>
          <octave>2</octave>
          </pitch>
        <duration>4</duration>
        <voice>5</voice>
        <type>half</type>
        <stem>up</stem>
        <staff>2</staff>
        </note>
      </measure>
    <measure number="7" width="200.33">
      <print new-system="yes">
        <system-layout>
          <system-margins>
            <left-margin>75.84</left-margin>
            <right-margin>0.00</right-margin>
            </system-margins>
          <system-distance>194.05</system-distance>
          </system-layout>
        <staff-layout number="2">
          <staff-distance>65.00</staff-distance>
          </staff-layout>
        </print>
      <note default-x="65.33" default-y="-15.00">
        <pitch>
          <step>C</step>
          <octave>5</octave>
          </pitch>
        <duration>1</duration>
        <voice>1</voice>
        <type>eighth</type>
        <stem>down</stem>
        <staff>1</staff>
        <beam number="1">begin</beam>
        </note>
      <note default-x="83.86" default-y="-10.00">
        <pitch>
          <step>D</step>
          <octave>5</octave>
          </pitch>
        <duration>1</duration>
        <voice>1</voice>
        <type>eighth</type>
        <stem>down</stem>
        <staff>1</staff>
        <beam number="1">end</beam>
        </note>
      <note default-x="102.39" default-y="-5.00">
        <pitch>
          <step>E</step>
          <octave>5</octave>
          </pitch>
        <duration>2</duration>
        <voice>1</voice>
        <type>quarter</type>
        <stem>down</stem>
        <staff>1</staff>
        </note>
      <note default-x="132.03" default-y="-20.00">
        <pitch>
          <step>B</step>
          <octave>4</octave>
          </pitch>
        <duration>4</duration>
        <voice>1</voice>
        <type>half</type>
        <stem>down</stem>
        <staff>1</staff>
        </note>
      <backup>
        <duration>8</duration>
        </backup>
      <note default-x="65.33" default-y="-105.00">
        <pitch>
          <step>A</step>
          <octave>3</octave>
          </pitch>
        <duration>4</duration>
        <voice>5</voice>
        <type>half</type>
        <stem>down</stem>
        <staff>2</staff>
        </note>
      <note default-x="132.03" default-y="-110.00">
        <pitch>
          <step>G</step>
          <octave>3</octave>
          </pitch>
        <duration>1</duration>
        <voice>5</voice>
        <type>eighth</type>
        <stem>down</stem>
        <staff>2</staff>
        <beam number="1">begin</beam>
        </note>
      <note default-x="150.56" default-y="-105.00">
        <pitch>
          <step>A</step>
          <octave>3</octave>
          </pitch>
        <duration>1</duration>
        <voice>5</voice>
        <type>eighth</type>
        <stem>down</stem>
        <staff>2</staff>
        <beam number="1">end</beam>
        </note>
      <note default-x="169.09" default-y="-100.00">
        <pitch>
          <step>B</step>
          <octave>3</octave>
          </pitch>
        <duration>2</duration>
        <voice>5</voice>
        <type>quarter</type>
        <stem>down</stem>
        <staff>2</staff>
        </note>
      </measure>
    <measure number="8" width="147.00">
      <note default-x="12.00" default-y="-25.00">
        <pitch>
          <step>A</step>
          <octave>4</octave>
          </pitch>
        <duration>1</duration>
        <voice>1</voice>
        <type>eighth</type>
        <stem>up</stem>
        <staff>1</staff>
        <beam number="1">begin</beam>
        </note>
      <note default-x="30.53" default-y="-20.00">
        <pitch>
          <step>B</step>
          <octave>4</octave>
          </pitch>
        <duration>1</duration>
        <voice>1</voice>
        <type>eighth</type>
        <stem>up</stem>
        <staff>1</staff>
        <beam number="1">end</beam>
        </note>
      <note default-x="49.06" default-y="-15.00">
        <pitch>
          <step>C</step>
          <octave>5</octave>
          </pitch>
        <duration>2</duration>
        <voice>1</voice>
        <type>quarter</type>
        <stem>down</stem>
        <staff>1</staff>
        </note>
      <note default-x="78.70" default-y="-30.00">
        <pitch>
          <step>G</step>
          <octave>4</octave>
          </pitch>
        <duration>4</duration>
        <voice>1</voice>
        <type>half</type>
        <stem>up</stem>
        <staff>1</staff>
        </note>
      <backup>
        <duration>8</duration>
        </backup>
      <note default-x="12.00" default-y="-115.00">
        <pitch>
          <step>F</step>
          <alter>1</alter>
          <octave>3</octave>
          </pitch>
        <duration>4</duration>
        <voice>5</voice>
        <type>half</type>
        <stem>down</stem>
        <staff>2</staff>
        </note>
      <note default-x="78.70" default-y="-120.00">
        <pitch>
          <step>E</step>
          <octave>3</octave>
          </pitch>
        <duration>1</duration>
        <voice>5</voice>
        <type>eighth</type>
        <stem>down</stem>
        <staff>2</staff>
        <beam number="1">begin</beam>
        </note>
      <note default-x="97.23" default-y="-115.00">
        <pitch>
          <step>F</step>
          <alter>1</alter>
          <octave>3</octave>
          </pitch>
        <duration>1</duration>
        <voice>5</voice>
        <type>eighth</type>
        <stem>down</stem>
        <staff>2</staff>
        <beam number="1">end</beam>
        </note>
      <note default-x="115.76" default-y="-110.00">
        <pitch>
          <step>G</step>
          <octave>3</octave>
          </pitch>
        <duration>2</duration>
        <voice>5</voice>
        <type>quarter</type>
        <stem>down</stem>
        <staff>2</staff>
        </note>
      </measure>
    <measure number="9" width="129.84">
      <note default-x="12.00" default-y="-35.00">
        <pitch>
          <step>F</step>
          <alter>1</alter>
          <octave>4</octave>
          </pitch>
        <duration>1</duration>
        <voice>1</voice>
        <type>eighth</type>
        <stem>up</stem>
        <staff>1</staff>
        <beam number="1">begin</beam>
        </note>
      <note default-x="29.16" default-y="-30.00">
        <pitch>
          <step>G</step>
          <octave>4</octave>
          </pitch>
        <duration>1</duration>
        <voice>1</voice>
        <type>eighth</type>
        <stem>up</stem>
        <staff>1</staff>
        <beam number="1">end</beam>
        </note>
      <note default-x="46.32" default-y="-25.00">
        <pitch>
          <step>A</step>
          <octave>4</octave>
          </pitch>
        <duration>2</duration>
        <voice>1</voice>
        <type>quarter</type>
        <stem>up</stem>
        <staff>1</staff>
        </note>
      <note default-x="73.63" default-y="-40.00">
        <pitch>
          <step>E</step>
          <octave>4</octave>
          </pitch>
        <duration>2</duration>
        <voice>1</voice>
        <type>quarter</type>
        <stem>up</stem>
        <staff>1</staff>
        </note>
      <note default-x="100.93" default-y="-5.00">
        <pitch>
          <step>E</step>
          <octave>5</octave>
          </pitch>
        <duration>2</duration>
        <voice>1</voice>
        <type>quarter</type>
        <stem>down</stem>
        <staff>1</staff>
        </note>
      <backup>
        <duration>8</duration>
        </backup>
      <note default-x="12.00" default-y="-125.00">
        <pitch>
          <step>D</step>
          <octave>3</octave>
          </pitch>
        <duration>4</duration>
        <voice>5</voice>
        <type>half</type>
        <stem>down</stem>
        <staff>2</staff>
        </note>
      <note default-x="73.63" default-y="-130.00">
        <pitch>
          <step>C</step>
          <octave>3</octave>
          </pitch>
        <duration>4</duration>
        <voice>5</voice>
        <type>half</type>
        <stem>up</stem>
        <staff>2</staff>
        </note>
      </measure>
    <measure number="10" width="151.80">
      <note default-x="16.80" default-y="-10.00">
        <pitch>
          <step>D</step>
          <alter>1</alter>
          <octave>5</octave>
          </pitch>
        <duration>1</duration>
        <voice>1</voice>
        <type>eighth</type>
        <accidental>sharp</accidental>
        <stem>down</stem>
        <staff>1</staff>
        <beam number="1">begin</beam>
        </note>
      <note default-x="35.33" default-y="-5.00">
        <pitch>
          <step>E</step>
          <octave>5</octave>
          </pitch>
        <duration>1</duration>
        <voice>1</voice>
        <type>eighth</type>
        <stem>down</stem>
        <staff>1</staff>
        <beam number="1">continue</beam>
        </note>
      <note default-x="53.86" default-y="0.00">
        <pitch>
          <step>F</step>
          <alter>1</alter>
          <octave>5</octave>
          </pitch>
        <duration>1</duration>
        <voice>1</voice>
        <type>eighth</type>
        <stem>down</stem>
        <staff>1</staff>
        <beam number="1">continue</beam>
        </note>
      <note default-x="72.38" default-y="5.00">
        <pitch>
          <step>G</step>
          <octave>5</octave>
          </pitch>
        <duration>1</duration>
        <voice>1</voice>
        <type>eighth</type>
        <stem>down</stem>
        <staff>1</staff>
        <beam number="1">end</beam>
        </note>
      <note default-x="90.91" default-y="0.00">
        <pitch>
          <step>F</step>
          <alter>1</alter>
          <octave>5</octave>
          </pitch>
        <duration>2</duration>
        <voice>1</voice>
        <type>quarter</type>
        <stem>down</stem>
        <staff>1</staff>
        </note>
      <note default-x="120.56" default-y="-20.00">
        <pitch>
          <step>B</step>
          <octave>4</octave>
          </pitch>
        <duration>2</duration>
        <voice>1</voice>
        <type>quarter</type>
        <stem>down</stem>
        <staff>1</staff>
        </note>
      <backup>
        <duration>8</duration>
        </backup>
      <note default-x="16.80" default-y="-135.00">
        <pitch>
          <step>B</step>
          <octave>2</octave>
          </pitch>
        <duration>4</duration>
        <voice>5</voice>
        <type>half</type>
        <stem>up</stem>
        <staff>2</staff>
        </note>
      <note default-x="90.91" default-y="-100.00">
        <pitch>
          <step>B</step>
          <octave>3</octave>
          </pitch>
        <duration>4</duration>
        <voice>5</voice>
        <type>half</type>
        <stem>down</stem>
        <staff>2</staff>
        </note>
      </measure>
    <measure number="11" width="112.68">
      <note default-x="12.00" default-y="-40.00">
        <pitch>
          <step>E</step>
          <octave>4</octave>
          </pitch>
        <duration>2</duration>
        <voice>1</voice>
        <type>quarter</type>
        <stem>up</stem>
        <staff>1</staff>
        </note>
      <note default-x="36.77" default-y="-20.00">
        <pitch>
          <step>B</step>
          <octave>4</octave>
          </pitch>
        <duration>2</duration>
        <voice>1</voice>
        <type>quarter</type>
        <stem>down</stem>
        <staff>1</staff>
        </note>
      <note default-x="61.54" default-y="-20.00">
        <pitch>
          <step>B</step>
          <octave>4</octave>
          </pitch>
        <duration>4</duration>
        <voice>1</voice>
        <type>half</type>
        <stem>down</stem>
        <staff>1</staff>
        </note>
      <backup>
        <duration>8</duration>
        </backup>
      <note default-x="12.00" default-y="-120.00">
        <pitch>
          <step>E</step>
          <octave>3</octave>
          </pitch>
        <duration>4</duration>
        <voice>5</voice>
        <type>half</type>
        <stem>down</stem>
        <staff>2</staff>
        </note>
      <note default-x="61.54" default-y="-110.00">
        <pitch>
          <step>G</step>
          <octave>3</octave>
          </pitch>
        <duration>2</duration>
        <voice>5</voice>
        <type>quarter</type>
        <stem>down</stem>
        <staff>2</staff>
        </note>
      <note default-x="86.31" default-y="-120.00">
        <pitch>
          <step>E</step>
          <octave>3</octave>
          </pitch>
        <duration>2</duration>
        <voice>5</voice>
        <type>quarter</type>
        <stem>down</stem>
        <staff>2</staff>
        </note>
      </measure>
    <measure number="12" width="147.00">
      <note default-x="12.00" default-y="-15.00">
        <pitch>
          <step>C</step>
          <octave>5</octave>
          </pitch>
        <duration>1</duration>
        <voice>1</voice>
        <type>eighth</type>
        <stem>down</stem>
        <staff>1</staff>
        <beam number="1">begin</beam>
        </note>
      <note default-x="30.53" default-y="-20.00">
        <pitch>
          <step>B</step>
          <octave>4</octave>
          </pitch>
        <duration>1</duration>
        <voice>1</voice>
        <type>eighth</type>
        <stem>down</stem>
        <staff>1</staff>
        <beam number="1">continue</beam>
        </note>
      <note default-x="49.06" default-y="-15.00">
        <pitch>
          <step>C</step>
          <octave>5</octave>
          </pitch>
        <duration>1</duration>
        <voice>1</voice>
        <type>eighth</type>
        <stem>down</stem>
        <staff>1</staff>
        <beam number="1">continue</beam>
        </note>
      <note default-x="67.58" default-y="-10.00">
        <pitch>
          <step>D</step>
          <octave>5</octave>
          </pitch>
        <duration>1</duration>
        <voice>1</voice>
        <type>eighth</type>
        <stem>down</stem>
        <staff>1</staff>
        <beam number="1">end</beam>
        </note>
      <note default-x="86.11" default-y="-20.00">
        <pitch>
          <step>B</step>
          <octave>4</octave>
          </pitch>
        <duration>4</duration>
        <voice>1</voice>
        <type>half</type>
        <stem>down</stem>
        <staff>1</staff>
        </note>
      <backup>
        <duration>8</duration>
        </backup>
      <note default-x="12.00" default-y="-105.00">
        <pitch>
          <step>A</step>
          <octave>3</octave>
          </pitch>
        <duration>2</duration>
        <voice>5</voice>
        <type>quarter</type>
        <stem>down</stem>
        <staff>2</staff>
        </note>
      <note default-x="49.06" default-y="-115.00">
        <pitch>
          <step>F</step>
          <alter>1</alter>
          <octave>3</octave>
          </pitch>
        <duration>2</duration>
        <voice>5</voice>
        <type>quarter</type>
        <stem>down</stem>
        <staff>2</staff>
        </note>
      <note default-x="86.11" default-y="-110.00">
        <pitch>
          <step>G</step>
          <octave>3</octave>
          </pitch>
        <duration>2</duration>
        <voice>5</voice>
        <type>quarter</type>
        <stem>down</stem>
        <staff>2</staff>
        </note>
      <note default-x="115.76" default-y="-145.00">
        <pitch>
          <step>G</step>
          <octave>2</octave>
          </pitch>
        <duration>2</duration>
        <voice>5</voice>
        <type>quarter</type>
        <stem>up</stem>
        <staff>2</staff>
        </note>
      </measure>
    <measure number="13" width="112.68">
      <note default-x="12.00" default-y="-5.00">
        <pitch>
          <step>E</step>
          <octave>5</octave>
          </pitch>
        <duration>2</duration>
        <voice>1</voice>
        <type>quarter</type>
        <stem>down</stem>
        <staff>1</staff>
        </note>
      <note default-x="36.77" default-y="-20.00">
        <pitch>
          <step>B</step>
          <octave>4</octave>
          </pitch>
        <duration>2</duration>
        <voice>1</voice>
        <type>quarter</type>
        <stem>down</stem>
        <staff>1</staff>
        </note>
      <note default-x="61.54" default-y="-5.00">
        <pitch>
          <step>E</step>
          <octave>5</octave>
          </pitch>
        <duration>2</duration>
        <voice>1</voice>
        <type>quarter</type>
        <stem>down</stem>
        <staff>1</staff>
        </note>
      <note default-x="86.31" default-y="-20.00">
        <pitch>
          <step>B</step>
          <octave>4</octave>
          </pitch>
        <duration>2</duration>
        <voice>1</voice>
        <type>quarter</type>
        <stem>down</stem>
        <staff>1</staff>
        </note>
      <backup>
        <duration>8</duration>
        </backup>
      <note default-x="12.00" default-y="-110.00">
        <pitch>
          <step>G</step>
          <octave>3</octave>
          </pitch>
        <duration>4</duration>
        <voice>5</voice>
        <type>half</type>
        <stem>down</stem>
        <staff>2</staff>
        </note>
      <note default-x="61.54" default-y="-145.00">
        <pitch>
          <step>G</step>
          <octave>2</octave>
          </pitch>
        <duration>4</duration>
        <voice>5</voice>
        <type>half</type>
        <stem>up</stem>
        <staff>2</staff>
        </note>
      </measure>
    <measure number="14" width="206.05">
      <print new-system="yes">
        <system-layout>
          <system-margins>
            <left-margin>75.84</left-margin>
            <right-margin>0.00</right-margin>
            </system-margins>
          <system-distance>194.05</system-distance>
          </system-layout>
        <staff-layout number="2">
          <staff-distance>65.00</staff-distance>
          </staff-layout>
        </print>
      <note default-x="65.33" default-y="-25.00">
        <pitch>
          <step>A</step>
          <octave>4</octave>
          </pitch>
        <duration>1</duration>
        <voice>1</voice>
        <type>eighth</type>
        <stem>up</stem>
        <staff>1</staff>
        <beam number="1">begin</beam>
        </note>
      <note default-x="83.64" default-y="-30.00">
        <pitch>
          <step>G</step>
          <octave>4</octave>
          </pitch>
        <duration>1</duration>
        <voice>1</voice>
        <type>eighth</type>
        <stem>up</stem>
        <staff>1</staff>
        <beam number="1">continue</beam>
        </note>
      <note default-x="101.94" default-y="-35.00">
        <pitch>
          <step>F</step>
          <alter>1</alter>
          <octave>4</octave>
          </pitch>
        <duration>1</duration>
        <voice>1</voice>
        <type>eighth</type>
        <stem>up</stem>
        <staff>1</staff>
        <beam number="1">continue</beam>
        </note>
      <note default-x="120.25" default-y="-30.00">
        <pitch>
          <step>G</step>
          <octave>4</octave>
          </pitch>
        <duration>1</duration>
        <voice>1</voice>
        <type>eighth</type>
        <stem>up</stem>
        <staff>1</staff>
        <beam number="1">end</beam>
        </note>
      <note default-x="138.55" default-y="-40.00">
        <pitch>
          <step>E</step>
          <octave>4</octave>
          </pitch>
        <duration>4</duration>
        <voice>1</voice>
        <type>half</type>
        <stem>up</stem>
        <staff>1</staff>
        </note>
      <backup>
        <duration>8</duration>
        </backup>
      <note default-x="65.33" default-y="-140.00">
        <pitch>
          <step>A</step>
          <octave>2</octave>
          </pitch>
        <duration>2</duration>
        <voice>5</voice>
        <type>quarter</type>
        <stem>up</stem>
        <staff>2</staff>
        </note>
      <note default-x="101.94" default-y="-135.00">
        <pitch>
          <step>B</step>
          <octave>2</octave>
          </pitch>
        <duration>2</duration>
        <voice>5</voice>
        <type>quarter</type>
        <stem>up</stem>
        <staff>2</staff>
        </note>
      <note default-x="138.55" default-y="-120.00">
        <pitch>
          <step>E</step>
          <octave>3</octave>
          </pitch>
        <duration>1</duration>
        <voice>5</voice>
        <type>eighth</type>
        <stem>down</stem>
        <staff>2</staff>
        <beam number="1">begin</beam>
        </note>
      <note default-x="156.86" default-y="-115.00">
        <pitch>
          <step>F</step>
          <alter>1</alter>
          <octave>3</octave>
          </pitch>
        <duration>1</duration>
        <voice>5</voice>
        <type>eighth</type>
        <stem>down</stem>
        <staff>2</staff>
        <beam number="1">end</beam>
        </note>
      <note default-x="175.16" default-y="-110.00">
        <pitch>
          <step>G</step>
          <octave>3</octave>
          </pitch>
        <duration>2</duration>
        <voice>5</voice>
        <type>quarter</type>
        <stem>down</stem>
        <staff>2</staff>
        </note>
      </measure>
    <measure number="15" width="119.13">
      <note default-x="12.00" default-y="-25.00">
        <pitch>
          <step>A</step>
          <octave>4</octave>
          </pitch>
        <duration>1</duration>
        <voice>1</voice>
        <type>eighth</type>
        <stem>up</stem>
        <staff>1</staff>
        <beam number="1">begin</beam>
        </note>
      <note default-x="29.16" default-y="-30.00">
        <pitch>
          <step>G</step>
          <octave>4</octave>
          </pitch>
        <duration>1</duration>
        <voice>1</voice>
        <type>eighth</type>
        <stem>up</stem>
        <staff>1</staff>
        <beam number="1">continue</beam>
        </note>
      <note default-x="46.32" default-y="-35.00">
        <pitch>
          <step>F</step>
          <alter>1</alter>
          <octave>4</octave>
          </pitch>
        <duration>1</duration>
        <voice>1</voice>
        <type>eighth</type>
        <stem>up</stem>
        <staff>1</staff>
        <beam number="1">continue</beam>
        </note>
      <note default-x="63.49" default-y="-30.00">
        <pitch>
          <step>G</step>
          <octave>4</octave>
          </pitch>
        <duration>1</duration>
        <voice>1</voice>
        <type>eighth</type>
        <stem>up</stem>
        <staff>1</staff>
        <beam number="1">end</beam>
        </note>
      <note default-x="80.65" default-y="-40.00">
        <pitch>
          <step>E</step>
          <octave>4</octave>
          </pitch>
        <duration>4</duration>
        <voice>1</voice>
        <type>half</type>
        <stem>up</stem>
        <staff>1</staff>
        </note>
      <backup>
        <duration>8</duration>
        </backup>
      <note default-x="12.00" default-y="-140.00">
        <pitch>
          <step>A</step>
          <octave>2</octave>
          </pitch>
        <duration>2</duration>
        <voice>5</voice>
        <type>quarter</type>
        <stem>up</stem>
        <staff>2</staff>
        </note>
      <note default-x="46.32" default-y="-135.00">
        <pitch>
          <step>B</step>
          <octave>2</octave>
          </pitch>
        <duration>2</duration>
        <voice>5</voice>
        <type>quarter</type>
        <stem>up</stem>
        <staff>2</staff>
        </note>
      <note default-x="80.65" default-y="-155.00">
        <pitch>
          <step>E</step>
          <octave>2</octave>
          </pitch>
        <duration>4</duration>
        <voice>5</voice>
        <type>half</type>
        <stem>up</stem>
        <staff>2</staff>
        </note>
      <note default-x="80.65" default-y="-120.00">
        <chord/>
        <pitch>
          <step>E</step>
          <octave>3</octave>
          </pitch>
        <duration>4</duration>
        <voice>5</voice>
        <type>half</type>
        <stem>up</stem>
        <staff>2</staff>
        </note>
      </measure>
    <measure number="16" width="51.59">
      <note>
        <rest/>
        <duration>8</duration>
        <voice>1</voice>
        <staff>1</staff>
        </note>
      <backup>
        <duration>8</duration>
        </backup>
      <note>
        <rest/>
        <duration>8</duration>
        <voice>5</voice>
        <staff>2</staff>
        </note>
      </measure>
    <measure number="17" width="51.59">
      <note>
        <rest/>
        <duration>8</duration>
        <voice>1</voice>
        <staff>1</staff>
        </note>
      <backup>
        <duration>8</duration>
        </backup>
      <note>
        <rest/>
        <duration>8</duration>
        <voice>5</voice>
        <staff>2</staff>
        </note>
      </measure>
    <measure number="18" width="51.59">
      <note>
        <rest/>
        <duration>8</duration>
        <voice>1</voice>
        <staff>1</staff>
        </note>
      <backup>
        <duration>8</duration>
        </backup>
      <note>
        <rest/>
        <duration>8</duration>
        <voice>5</voice>
        <staff>2</staff>
        </note>
      </measure>
    <measure number="19" width="51.59">
      <note>
        <rest/>
        <duration>8</duration>
        <voice>1</voice>
        <staff>1</staff>
        </note>
      <backup>
        <duration>8</duration>
        </backup>
      <note>
        <rest/>
        <duration>8</duration>
        <voice>5</voice>
        <staff>2</staff>
        </note>
      </measure>
    <measure number="20" width="57.09">
      <note>
        <rest/>
        <duration>8</duration>
        <voice>1</voice>
        <staff>1</staff>
        </note>
      <backup>
        <duration>8</duration>
        </backup>
      <note>
        <rest/>
        <duration>8</duration>
        <voice>5</voice>
        <staff>2</staff>
        </note>
      </measure>
    <measure number="21" width="51.59">
      <note>
        <rest/>
        <duration>8</duration>
        <voice>1</voice>
        <staff>1</staff>
        </note>
      <backup>
        <duration>8</duration>
        </backup>
      <note>
        <rest/>
        <duration>8</duration>
        <voice>5</voice>
        <staff>2</staff>
        </note>
      </measure>
    <measure number="22" width="51.59">
      <note>
        <rest/>
        <duration>8</duration>
        <voice>1</voice>
        <staff>1</staff>
        </note>
      <backup>
        <duration>8</duration>
        </backup>
      <note>
        <rest/>
        <duration>8</duration>
        <voice>5</voice>
        <staff>2</staff>
        </note>
      </measure>
    <measure number="23" width="51.59">
      <note>
        <rest/>
        <duration>8</duration>
        <voice>1</voice>
        <staff>1</staff>
        </note>
      <backup>
        <duration>8</duration>
        </backup>
      <note>
        <rest/>
        <duration>8</duration>
        <voice>5</voice>
        <staff>2</staff>
        </note>
      </measure>
    <measure number="24" width="51.59">
      <note>
        <rest/>
        <duration>8</duration>
        <voice>1</voice>
        <staff>1</staff>
        </note>
      <backup>
        <duration>8</duration>
        </backup>
      <note>
        <rest/>
        <duration>8</duration>
        <voice>5</voice>
        <staff>2</staff>
        </note>
      </measure>
    <measure number="25" width="51.59">
      <note>
        <rest/>
        <duration>8</duration>
        <voice>1</voice>
        <staff>1</staff>
        </note>
      <backup>
        <duration>8</duration>
        </backup>
      <note>
        <rest/>
        <duration>8</duration>
        <voice>5</voice>
        <staff>2</staff>
        </note>
      </measure>
    <measure number="26" width="51.59">
      <note>
        <rest/>
        <duration>8</duration>
        <voice>1</voice>
        <staff>1</staff>
        </note>
      <backup>
        <duration>8</duration>
        </backup>
      <note>
        <rest/>
        <duration>8</duration>
        <voice>5</voice>
        <staff>2</staff>
        </note>
      </measure>
    <measure number="27" width="51.59">
      <note>
        <rest/>
        <duration>8</duration>
        <voice>1</voice>
        <staff>1</staff>
        </note>
      <backup>
        <duration>8</duration>
        </backup>
      <note>
        <rest/>
        <duration>8</duration>
        <voice>5</voice>
        <staff>2</staff>
        </note>
      </measure>
    <measure number="28" width="51.59">
      <note>
        <rest/>
        <duration>8</duration>
        <voice>1</voice>
        <staff>1</staff>
        </note>
      <backup>
        <duration>8</duration>
        </backup>
      <note>
        <rest/>
        <duration>8</duration>
        <voice>5</voice>
        <staff>2</staff>
        </note>
      </measure>
    <measure number="29" width="288.83">
      <print new-system="yes">
        <system-layout>
          <system-margins>
            <left-margin>75.84</left-margin>
            <right-margin>0.00</right-margin>
            </system-margins>
          <system-distance>194.05</system-distance>
          </system-layout>
        <staff-layout number="2">
          <staff-distance>65.00</staff-distance>
          </staff-layout>
        </print>
      <note>
        <rest/>
        <duration>8</duration>
        <voice>1</voice>
        <staff>1</staff>
        </note>
      <backup>
        <duration>8</duration>
        </backup>
      <note>
        <rest/>
        <duration>8</duration>
        <voice>5</voice>
        <staff>2</staff>
        </note>
      </measure>
    <measure number="30" width="235.50">
      <note>
        <rest/>
        <duration>8</duration>
        <voice>1</voice>
        <staff>1</staff>
        </note>
      <backup>
        <duration>8</duration>
        </backup>
      <note>
        <rest/>
        <duration>8</duration>
        <voice>5</voice>
        <staff>2</staff>
        </note>
      </measure>
    <measure number="31" width="235.50">
      <note>
        <rest/>
        <duration>8</duration>
        <voice>1</voice>
        <staff>1</staff>
        </note>
      <backup>
        <duration>8</duration>
        </backup>
      <note>
        <rest/>
        <duration>8</duration>
        <voice>5</voice>
        <staff>2</staff>
        </note>
      </measure>
    <measure number="32" width="241.50">
      <note>
        <rest/>
        <duration>8</duration>
        <voice>1</voice>
        <staff>1</staff>
        </note>
      <backup>
        <duration>8</duration>
        </backup>
      <note>
        <rest/>
        <duration>8</duration>
        <voice>5</voice>
        <staff>2</staff>
        </note>
      <barline location="right">
        <bar-style>light-heavy</bar-style>
        </barline>
      </measure>
    </part>
  </score-partwise>
